島村卯月,島村卯月+,[2ndｱﾆﾊﾞｰｻﾘｰ]島村卯月,[2ndｱﾆﾊﾞｰｻﾘｰ]島村卯月+,[2ndｱﾆﾊﾞｰｻﾘｰ･ｽﾏｲﾙ]島村卯月,[2ndｱﾆﾊﾞｰｻﾘｰ･ｽﾏｲﾙ]島村卯月+,[2ndｱﾆﾊﾞｰｻﾘｰ･ﾈｺﾐﾐ]島村卯月,[2ndｱﾆﾊﾞｰｻﾘｰ･ﾈｺﾐﾐ]島村卯月+,[ﾆｭｰｼﾞｪﾈﾚｰｼｮﾝ]島村卯月,[ﾆｭｰｼﾞｪﾈﾚｰｼｮﾝ]島村卯月+,[CDﾃﾞﾋﾞｭｰ]島村卯月,[CDﾃﾞﾋﾞｭｰ]島村卯月+,[新春の華姫]島村卯月,[新春の華姫]島村卯月+,[はじけて♪ｻﾏｰ]島村卯月,[はじけて♪ｻﾏｰ]島村卯月+,[ﾜﾝﾀﾞﾌﾙﾏｼﾞｯｸ]島村卯月,[ﾜﾝﾀﾞﾌﾙﾏｼﾞｯｸ]島村卯月+,[ｳｨｰｱｰｻﾞﾌﾚﾝｽﾞ]島村卯月+,[ｱﾆﾊﾞｰｻﾘｰﾌｫｰﾕｰ]島村卯月,[ｱﾆﾊﾞｰｻﾘｰﾌｫｰﾕｰ]島村卯月+,,,,,,
中野有香,中野有香+,[お花見]中野有香,[お花見]中野有香+,[ﾊﾟﾜﾌﾙ&amp;ｽﾏｲﾙ]中野有香,[ﾊﾟﾜﾌﾙ&amp;ｽﾏｲﾙ]中野有香+,[ﾋﾞｷﾆﾁｬﾚﾝｼﾞ]中野有香,[ﾋﾞｷﾆﾁｬﾚﾝｼﾞ]中野有香+,[ﾌﾟﾘﾃｨﾊﾟﾃｨｼｴ]中野有香,[ﾌﾟﾘﾃｨﾊﾟﾃｨｼｴ]中野有香+,[ｽﾏｲﾙﾊﾟﾃｨｼｴ]中野有香,[ｽﾏｲﾙﾊﾟﾃｨｼｴ]中野有香+,[ﾌｧｲﾃｨﾝｸﾞﾁｱｰ]中野有香,[ﾌｧｲﾃｨﾝｸﾞﾁｱｰ]中野有香+,[流麗武闘]中野有香,[流麗武闘]中野有香+,,,,,,,,,,,
水本ゆかり,水本ゆかり+,[純粋奏者]水本ゆかり,[純粋奏者]水本ゆかり+,[ｳﾞｫﾔｰｼﾞｭ･ﾋｰﾗｰ]水本ゆかり,[ｳﾞｫﾔｰｼﾞｭ･ﾋｰﾗｰ]水本ゆかり+,[清純令嬢]水本ゆかり,[清純令嬢]水本ゆかり+,[素顔のお嬢様]水本ゆかり,[素顔のお嬢様]水本ゆかり+,,,,,,,,,,,,,,,,,
福山舞,福山舞+,[ひな祭り]福山舞,[ひな祭り]福山舞+,[ﾋﾞｰﾁﾊﾟﾗﾀﾞｲｽ]福山舞,[ﾋﾞｰﾁﾊﾟﾗﾀﾞｲｽ]福山舞+,[ﾏｰﾁﾝｸﾞﾊﾞﾝﾄﾞ]福山舞,[ﾏｰﾁﾝｸﾞﾊﾞﾝﾄﾞ]福山舞+,[魔女っ娘I.C]福山舞+,[ﾘﾄﾙﾌﾟﾘﾝｾｽ]福山舞,[ﾘﾄﾙﾌﾟﾘﾝｾｽ]福山舞+,[ﾏｼﾞｶﾙｶﾞｰﾙ･ｱｸｱ]福山舞,[ﾏｼﾞｶﾙｶﾞｰﾙ･ｱｸｱ]福山舞+,[ﾏｼﾞｶﾙｶﾞｰﾙS･ｱｸｱ]福山舞,[ﾏｼﾞｶﾙｶﾞｰﾙS･ｱｸｱ]福山舞+,,,,,,,,,,,,
椎名法子,椎名法子+,[ﾊﾞﾚﾝﾀｲﾝ]椎名法子,[ﾊﾞﾚﾝﾀｲﾝ]椎名法子+,[ﾊｯﾋﾟｰﾊﾞﾚﾝﾀｲﾝ]椎名法子,[ﾊｯﾋﾟｰﾊﾞﾚﾝﾀｲﾝ]椎名法子+,[ｽﾏｲﾙﾊﾞﾚﾝﾀｲﾝ]椎名法子,[ｽﾏｲﾙﾊﾞﾚﾝﾀｲﾝ]椎名法子+,[ﾛﾜｲﾔﾙｽﾀｲﾙNP]椎名法子,[ﾛﾜｲﾔﾙｽﾀｲﾙNP]椎名法子+,[ｽｸｰﾙｶﾞｰﾙ]椎名法子,[ｽｸｰﾙｶﾞｰﾙ]椎名法子+,[ｽｲｰﾄｻﾏｰ]椎名法子,[ｽｲｰﾄｻﾏｰ]椎名法子+,[ﾄﾞｰﾅｯﾂ☆ﾏｰﾒｲﾄﾞ]椎名法子,[ﾄﾞｰﾅｯﾂ☆ﾏｰﾒｲﾄﾞ]椎名法子+,,,,,,,,,,,
今井加奈,今井加奈+,[ｽﾎﾟｰﾂ祭]今井加奈,[ｽﾎﾟｰﾂ祭]今井加奈+,[ｸﾘｽﾏｽﾊﾟｰﾃｨｰ]今井加奈,[ｸﾘｽﾏｽﾊﾟｰﾃｨｰ]今井加奈+,[ﾌﾗﾜｰｶﾞｰﾃﾞﾝ]今井加奈,[ﾌﾗﾜｰｶﾞｰﾃﾞﾝ]今井加奈+,[ﾌｧﾝｼｰｶﾞｰﾙ]今井加奈,[ﾌｧﾝｼｰｶﾞｰﾙ]今井加奈+,[こぼれるｽﾏｲﾙ]今井加奈,[こぼれるｽﾏｲﾙ]今井加奈+,,,,,,,,,,,,,,,
持田亜里沙,持田亜里沙+,[ｳｻｺちゃんと]持田亜里沙,[ｳｻｺちゃんと]持田亜里沙+,[浴衣祭り]持田亜里沙,[浴衣祭り]持田亜里沙+,[ﾊﾟﾗﾀﾞｲｽﾘｿﾞｰﾄ]持田亜里沙,[ﾊﾟﾗﾀﾞｲｽﾘｿﾞｰﾄ]持田亜里沙+,[ﾊﾛｳｨﾝｸｲｰﾝ]持田亜里沙,[ﾊﾛｳｨﾝｸｲｰﾝ]持田亜里沙+,[うたのおねえさん]持田亜里沙,[うたのおねえさん]持田亜里沙+,[甲斐のｳｻﾄﾗ]持田亜里沙,[甲斐のｳｻﾄﾗ]持田亜里沙+,,,,,,,,,,,,,
三村かな子,三村かな子+,[ふわふわｽﾏｲﾙ]三村かな子,[ふわふわｽﾏｲﾙ]三村かな子+,[CDﾃﾞﾋﾞｭｰ]三村かな子,[CDﾃﾞﾋﾞｭｰ]三村かな子+,[LIVEｹﾞｽﾄ]三村かな子,[LIVEｹﾞｽﾄ]三村かな子+,[ﾒﾙﾃｨｽｲｰﾄ]三村かな子,[ﾒﾙﾃｨｽｲｰﾄ]三村かな子+,[ｼﾝﾃﾞﾚﾗﾄﾞﾘｰﾑ]三村かな子,[ｼﾝﾃﾞﾚﾗﾄﾞﾘｰﾑ]三村かな子+,[LIVEｹﾞｽﾄ･ｽﾏｲﾙ]三村かな子,[LIVEｹﾞｽﾄ･ｽﾏｲﾙ]三村かな子+,[ﾜﾝﾀﾞﾌﾙﾏｼﾞｯｸ]三村かな子,[ﾜﾝﾀﾞﾌﾙﾏｼﾞｯｸ]三村かな子+,[桜色の華姫]三村かな子,[桜色の華姫]三村かな子+,,,,,,,,,
奥山沙織,奥山沙織+,[浴衣祭り]奥山沙織,[浴衣祭り]奥山沙織+,[ﾗｲﾗｯｸｶﾞｰﾘｰ]奥山沙織,[ﾗｲﾗｯｸｶﾞｰﾘｰ]奥山沙織+,[学園の生徒]奥山沙織,[学園の生徒]奥山沙織+,[学園の生徒･H]奥山沙織,[学園の生徒･H]奥山沙織+,[ﾋﾟｭｱﾘｰｶﾞｰﾙ]奥山沙織,[ﾋﾟｭｱﾘｰｶﾞｰﾙ]奥山沙織+,,,,,,,,,,,,,,,
間中美里,間中美里+,[ﾊﾟｼﾞｬﾏﾊﾟｰﾃｨｰ]間中美里,[ﾊﾟｼﾞｬﾏﾊﾟｰﾃｨｰ]間中美里+,[ﾃﾞﾋﾞﾘｯｼｭｺﾞｼｯｸ]間中美里,[ﾃﾞﾋﾞﾘｯｼｭｺﾞｼｯｸ]間中美里+,[ｽｸｰﾙｶﾞｰﾙ]間中美里,[ｽｸｰﾙｶﾞｰﾙ]間中美里+,[ﾌﾟﾘﾏｳﾞｪｰﾗﾋﾞｱｯｼﾞｮ]間中美里,[ﾌﾟﾘﾏｳﾞｪｰﾗﾋﾞｱｯｼﾞｮ]間中美里+,,,,,,,,,,,,,,,,,
小日向美穂,小日向美穂+,[聖夜]小日向美穂,[聖夜]小日向美穂+,[はにかみ乙女]小日向美穂,[はにかみ乙女]小日向美穂+,[戦国姫]小日向美穂+,[聖夜のﾌﾟﾚｾﾞﾝﾄ]小日向美穂,[聖夜のﾌﾟﾚｾﾞﾝﾄ]小日向美穂+,[CDﾃﾞﾋﾞｭｰ]小日向美穂,[CDﾃﾞﾋﾞｭｰ]小日向美穂+,[ﾊﾛｳｨﾝうぃっち]小日向美穂,[ﾊﾛｳｨﾝうぃっち]小日向美穂+,[ﾜﾝﾀﾞﾌﾙﾏｼﾞｯｸ]小日向美穂,[ﾜﾝﾀﾞﾌﾙﾏｼﾞｯｸ]小日向美穂+,[3rdｱﾆﾊﾞｰｻﾘｰ]小日向美穂,[3rdｱﾆﾊﾞｰｻﾘｰ]小日向美穂+,[3rdｱﾆﾊﾞｰｻﾘｰ･S]小日向美穂,[3rdｱﾆﾊﾞｰｻﾘｰ･S]小日向美穂+,,,,,,,,
緒方智絵里,緒方智絵里+,[ﾊﾞﾚﾝﾀｲﾝ]緒方智絵里,[ﾊﾞﾚﾝﾀｲﾝ]緒方智絵里+,[ﾊﾟｼﾞｬﾏﾊﾟｰﾃｨｰ]緒方智絵里,[ﾊﾟｼﾞｬﾏﾊﾟｰﾃｨｰ]緒方智絵里+,[京町乙女]緒方智絵里,[京町乙女]緒方智絵里+,[ﾊﾞﾚﾝﾀｲﾝｴﾝｼﾞｪﾙ]緒方智絵里,[ﾊﾞﾚﾝﾀｲﾝｴﾝｼﾞｪﾙ]緒方智絵里+,[浴衣の華姫]緒方智絵里,[浴衣の華姫]緒方智絵里+,[CDﾃﾞﾋﾞｭｰ]緒方智絵里,[CDﾃﾞﾋﾞｭｰ]緒方智絵里+,[冬のﾒﾛﾃﾞｨｰ]緒方智絵里,[冬のﾒﾛﾃﾞｨｰ]緒方智絵里+,[ｸﾛｰﾊﾞｰｴﾝｼﾞｪﾙ]緒方智絵里,[ｸﾛｰﾊﾞｰｴﾝｼﾞｪﾙ]緒方智絵里+,[ふわふわうさぎ]緒方智絵里,[ふわふわうさぎ]緒方智絵里+,,,,,,,
五十嵐響子,五十嵐響子+,[ｼﾞｭｰﾝﾌﾞﾗｲﾄﾞ]五十嵐響子,[ｼﾞｭｰﾝﾌﾞﾗｲﾄﾞ]五十嵐響子+,[ﾏｰﾒｲﾄﾞﾊﾟﾗﾀﾞｲｽ]五十嵐響子,[ﾏｰﾒｲﾄﾞﾊﾟﾗﾀﾞｲｽ]五十嵐響子+,[ｽｲｰﾄｸﾘｽﾏｽ]五十嵐響子,[ｽｲｰﾄｸﾘｽﾏｽ]五十嵐響子+,[ｶﾗﾌﾙﾚｲﾝﾎﾞｰ]五十嵐響子,[ｶﾗﾌﾙﾚｲﾝﾎﾞｰ]五十嵐響子+,[ﾊｰﾄﾌﾙｻｰﾋﾞｽ]五十嵐響子,[ﾊｰﾄﾌﾙｻｰﾋﾞｽ]五十嵐響子+,[学園の秘密]五十嵐響子,[学園の秘密]五十嵐響子+,[学園の秘密･S]五十嵐響子,[学園の秘密･S]五十嵐響子+,[ﾎｰﾑﾒｲﾄﾞﾊｯﾋﾟｰ]五十嵐響子,[ﾎｰﾑﾒｲﾄﾞﾊｯﾋﾟｰ]五十嵐響子+,,,,,,,,,
柳瀬美由紀,柳瀬美由紀+,[ﾃｰﾏﾊﾟｰｸ]柳瀬美由紀,[ﾃｰﾏﾊﾟｰｸ]柳瀬美由紀+,[ﾌﾟﾘﾃｨ☆ｳｨｯﾁ]柳瀬美由紀,[ﾌﾟﾘﾃｨ☆ｳｨｯﾁ]柳瀬美由紀+,[ひな祭り]柳瀬美由紀,[ひな祭り]柳瀬美由紀+,[ｶﾆ☆ﾋﾟｰｽ]柳瀬美由紀,[ｶﾆ☆ﾋﾟｰｽ]柳瀬美由紀+,[夏色ｶﾞｰﾙ]柳瀬美由紀,[夏色ｶﾞｰﾙ]柳瀬美由紀+,,,,,,,,,,,,,,,
櫻井桃華,櫻井桃華+,[ﾒﾙﾍﾝ&amp;ｺﾞｼｯｸ]櫻井桃華,[ﾒﾙﾍﾝ&amp;ｺﾞｼｯｸ]櫻井桃華+,[薔薇色お姫様]櫻井桃華,[薔薇色お姫様]櫻井桃華+,[絢爛紅葉]櫻井桃華,[絢爛紅葉]櫻井桃華+,[薔薇色花嫁]櫻井桃華,[薔薇色花嫁]櫻井桃華+,[ﾛｾﾞ･ﾏﾄﾞﾓｱｾﾞﾙ]櫻井桃華,[ﾛｾﾞ･ﾏﾄﾞﾓｱｾﾞﾙ]櫻井桃華+,,,,,,,,,,,,,,,
江上椿,江上椿+,[新春ｺﾚｸｼｮﾝ]江上椿,[新春ｺﾚｸｼｮﾝ]江上椿+,[ﾊｯﾋﾟｰﾒﾓﾘｱﾙ]江上椿,[ﾊｯﾋﾟｰﾒﾓﾘｱﾙ]江上椿+,[秋色温泉]江上椿,[秋色温泉]江上椿+,[ゆかしい花椿]江上椿,[ゆかしい花椿]江上椿+,,,,,,,,,,,,,,,,,
長富蓮実,長富蓮実+,[湯けむり温泉]長富蓮実,[湯けむり温泉]長富蓮実+,[ｼｬｲﾆｰﾋﾞｰﾁ]長富蓮実,[ｼｬｲﾆｰﾋﾞｰﾁ]長富蓮実+,[ﾛﾜｲﾔﾙｽﾀｲﾙNP]長富蓮実,[ﾛﾜｲﾔﾙｽﾀｲﾙNP]長富蓮実+,[ﾌｨｰﾁｬｰｽｲｰﾄﾋﾟｰ]長富蓮実,[ﾌｨｰﾁｬｰｽｲｰﾄﾋﾟｰ]長富蓮実+,,,,,,,,,,,,,,,,,
横山千佳,横山千佳+,[ﾏｰﾒｲﾄﾞﾊﾟﾗﾀﾞｲｽ]横山千佳,[ﾏｰﾒｲﾄﾞﾊﾟﾗﾀﾞｲｽ]横山千佳+,[ﾗﾌﾞﾘｰ魔女っ娘]横山千佳,[ﾗﾌﾞﾘｰ魔女っ娘]横山千佳+,[ﾏｰﾁﾝｸﾞﾊﾞﾝﾄﾞ]横山千佳,[ﾏｰﾁﾝｸﾞﾊﾞﾝﾄﾞ]横山千佳+,[小さなおひな様]横山千佳,[小さなおひな様]横山千佳+,[ﾏｼﾞｶﾙ☆ﾌﾟﾘﾃｨｰﾊｰﾄ]横山千佳,[ﾏｼﾞｶﾙ☆ﾌﾟﾘﾃｨｰﾊｰﾄ]横山千佳+,,,,,,,,,,,,,,,
関裕美,関裕美+,[ﾊﾛｳｨﾝｳﾞｧﾝﾊﾟｲｱ]関裕美,[ﾊﾛｳｨﾝｳﾞｧﾝﾊﾟｲｱ]関裕美+,[ﾌｧﾝｼｰｽﾊﾟｲﾘｰｱ]関裕美,[ﾌｧﾝｼｰｽﾊﾟｲﾘｰｱ]関裕美+,[夏休み]関裕美,[夏休み]関裕美+,[笑顔の夏休み]関裕美,[笑顔の夏休み]関裕美+,[ｽﾊﾟﾆｯｼｭﾀﾞﾝｻｰ]関裕美,[ｽﾊﾟﾆｯｼｭﾀﾞﾝｻｰ]関裕美+,[ﾌｫｰﾁｭﾝﾊﾞﾆｰ]関裕美,[ﾌｫｰﾁｭﾝﾊﾞﾆｰ]関裕美+,[ｲﾉｾﾝﾄﾌﾞﾗｲﾄﾞ]関裕美,[ｲﾉｾﾝﾄﾌﾞﾗｲﾄﾞ]関裕美+,,,,,,,,,,,
[ﾑｰﾝﾗｲﾄﾊﾞﾆｰ]池袋晶葉,[ﾑｰﾝﾗｲﾄﾊﾞﾆｰ]池袋晶葉+,[ひな祭り]池袋晶葉,[ひな祭り]池袋晶葉+,[ﾆｭｰｲﾔｰｽﾀｲﾙ]池袋晶葉,[ﾆｭｰｲﾔｰｽﾀｲﾙ]池袋晶葉+,[天才ﾛﾎﾞ少女]池袋晶葉,[天才ﾛﾎﾞ少女]池袋晶葉+,[ﾊｯﾋﾟｰ☆ｼﾞｰﾆｱｽ]池袋晶葉,[ﾊｯﾋﾟｰ☆ｼﾞｰﾆｱｽ]池袋晶葉+,[ﾛﾎﾞﾃｨｯｸﾁｱｰ]池袋晶葉,[ﾛﾎﾞﾃｨｯｸﾁｱｰ]池袋晶葉+,,,,,,,,,,,,,,,
太田優,太田優+,[ｽﾌﾟﾘﾝｸﾞｽｲｰﾄﾋﾟｰ]太田優,[ｽﾌﾟﾘﾝｸﾞｽｲｰﾄﾋﾟｰ]太田優+,[ﾊﾞﾆｰｶﾞｰﾙ]太田優,[ﾊﾞﾆｰｶﾞｰﾙ]太田優+,[ﾌﾟﾘﾃｨｰﾆｭｰｲﾔｰ]太田優,[ﾌﾟﾘﾃｨｰﾆｭｰｲﾔｰ]太田優+,[わんﾀﾞﾌﾙﾁｱｰ]太田優,[わんﾀﾞﾌﾙﾁｱｰ]太田優+,,,,,,,,,,,,,,,,,
棟方愛海,棟方愛海+,[ﾃﾞﾋﾞﾘｯｼｭｺﾞｼｯｸ]棟方愛海,[ﾃﾞﾋﾞﾘｯｼｭｺﾞｼｯｸ]棟方愛海+,[ﾊﾜｲｱﾝｽﾀｲﾙ]棟方愛海,[ﾊﾜｲｱﾝｽﾀｲﾙ]棟方愛海+,[ﾜｰｷﾝｸﾞ･おさわり]棟方愛海,[ﾜｰｷﾝｸﾞ･おさわり]棟方愛海+,[わきわきﾊﾝﾀｰ]棟方愛海,[わきわきﾊﾝﾀｰ]棟方愛海+,[愛の手]棟方愛海,[愛の手]棟方愛海+,,,,,,,,,,,,,,,
藤本里奈,藤本里奈+,[ﾗｳﾞﾘｰｷﾞｬﾙ]藤本里奈,[ﾗｳﾞﾘｰｷﾞｬﾙ]藤本里奈+,[ﾋﾞｰﾁﾊﾟﾗﾀﾞｲｽ]藤本里奈,[ﾋﾞｰﾁﾊﾟﾗﾀﾞｲｽ]藤本里奈+,[ｸﾘｽﾏｽﾌﾟﾚｾﾞﾝﾄ]藤本里奈,[ｸﾘｽﾏｽﾌﾟﾚｾﾞﾝﾄ]藤本里奈+,[ﾗｳﾞﾘｰ☆ﾊｰﾄ]藤本里奈,[ﾗｳﾞﾘｰ☆ﾊｰﾄ]藤本里奈+,[ﾗｳﾞﾘｰ☆ﾗｲﾀﾞｰ]藤本里奈,[ﾗｳﾞﾘｰ☆ﾗｲﾀﾞｰ]藤本里奈+,,,,,,,,,,,,,,,
大原みちる,大原みちる+,[ﾄﾞｲﾂｽﾀｲﾙ]大原みちる,[ﾄﾞｲﾂｽﾀｲﾙ]大原みちる+,[ﾛﾜｲﾔﾙｽﾀｲﾙNP]大原みちる,[ﾛﾜｲﾔﾙｽﾀｲﾙNP]大原みちる+,[ﾓｸﾞﾓｸﾞﾊﾞﾚﾝﾀｲﾝ]大原みちる,[ﾓｸﾞﾓｸﾞﾊﾞﾚﾝﾀｲﾝ]大原みちる+,[ﾊﾟﾝﾌﾟｷﾝﾁｱｰ]大原みちる,[ﾊﾟﾝﾌﾟｷﾝﾁｱｰ]大原みちる+,,,,,,,,,,,,,,,,,
遊佐こずえ,遊佐こずえ+,[ｽﾍﾟｰｽｽﾀｲﾙ]遊佐こずえ,[ｽﾍﾟｰｽｽﾀｲﾙ]遊佐こずえ+,[ﾏｼﾞｶﾙｴﾝｼﾞｪﾙ]遊佐こずえ,[ﾏｼﾞｶﾙｴﾝｼﾞｪﾙ]遊佐こずえ+,[ｽｳｨｰﾄﾌｪｱﾘｰ]遊佐こずえ,[ｽｳｨｰﾄﾌｪｱﾘｰ]遊佐こずえ+,,,,,,,,,,,,,,,,,,,
大沼くるみ,大沼くるみ+,[ﾄｰｸLIVEﾁｱｶﾞｰﾙ]大沼くるみ,[ﾄｰｸLIVEﾁｱｶﾞｰﾙ]大沼くるみ+,[大粒のﾄﾞﾛｯﾌﾟ]大沼くるみ,[大粒のﾄﾞﾛｯﾌﾟ]大沼くるみ+,[だだもれｴﾓｰｼｮﾝ]大沼くるみ,[だだもれｴﾓｰｼｮﾝ]大沼くるみ+,,,,,,,,,,,,,,,,,,,
一ノ瀬志希,一ノ瀬志希+,[ｶﾞﾝｽﾘﾝｶﾞｰ]一ノ瀬志希,[ｶﾞﾝｽﾘﾝｶﾞｰ]一ノ瀬志希+,[ｾﾌﾞﾝｽﾍﾌﾞﾝ]一ノ瀬志希,[ｾﾌﾞﾝｽﾍﾌﾞﾝ]一ノ瀬志希+,[ﾊﾟﾌｭｰﾑﾄﾘｯﾊﾟｰ]一ノ瀬志希,[ﾊﾟﾌｭｰﾑﾄﾘｯﾊﾟｰ]一ノ瀬志希+,,,,,,,,,,,,,,,,,,,
前川みく,前川みく+,[ｾｸｼｰｷｬｯﾄ]前川みく,[ｾｸｼｰｷｬｯﾄ]前川みく+,[CDﾃﾞﾋﾞｭｰ]前川みく,[CDﾃﾞﾋﾞｭｰ]前川みく+,[ﾁｬｰﾐﾝｸﾞｷｬｯﾄ]前川みく,[ﾁｬｰﾐﾝｸﾞｷｬｯﾄ]前川みく+,[ｼｰｻｲﾄﾞｷｬｯﾄ]前川みく,[ｼｰｻｲﾄﾞｷｬｯﾄ]前川みく+,[ｱﾆﾊﾞｰｻﾘｰｷｬｯﾄ]前川みく,[ｱﾆﾊﾞｰｻﾘｰｷｬｯﾄ]前川みく+,[ｱﾆﾊﾞｰｻﾘｰｷｬｯﾄ･S]前川みく,[ｱﾆﾊﾞｰｻﾘｰｷｬｯﾄ･S]前川みく+,[ｼﾝﾃﾞﾚﾗﾄﾞﾘｰﾑ]前川みく,[ｼﾝﾃﾞﾚﾗﾄﾞﾘｰﾑ]前川みく+,[ﾏｼﾞﾒ／ﾈｺﾁｬﾝ]前川みく,[ﾏｼﾞﾒ／ﾈｺﾁｬﾝ]前川みく+,,,,,,,,,
赤西瑛梨華,赤西瑛梨華+,[ﾗﾌﾞﾘｰ☆ﾊﾞﾗﾄﾞﾙ]赤西瑛梨華,[ﾗﾌﾞﾘｰ☆ﾊﾞﾗﾄﾞﾙ]赤西瑛梨華+,[おひろめﾎﾟｰｽﾞ]赤西瑛梨華,[おひろめﾎﾟｰｽﾞ]赤西瑛梨華+,[ぷるるんｽﾎﾟｰﾃｨ]赤西瑛梨華,[ぷるるんｽﾎﾟｰﾃｨ]赤西瑛梨華+,,,,,,,,,,,,,,,,,,,
松原早耶,松原早耶+,[ｽｳｨｰﾄﾄﾞﾘｰﾏｰ]松原早耶,[ｽｳｨｰﾄﾄﾞﾘｰﾏｰ]松原早耶+,[自慢のﾎﾞﾃﾞｨ]松原早耶,[自慢のﾎﾞﾃﾞｨ]松原早耶+,[ﾛﾜｲﾔﾙﾊｰﾄ]松原早耶,[ﾛﾜｲﾔﾙﾊｰﾄ]松原早耶+,,,,,,,,,,,,,,,,,,,
相原雪乃,相原雪乃+,[ｺﾞｽﾍﾟﾙﾄﾞﾚｽ]相原雪乃,[ｺﾞｽﾍﾟﾙﾄﾞﾚｽ]相原雪乃+,[ｽｳｨｰﾄｽﾉｰ]相原雪乃,[ｽｳｨｰﾄｽﾉｰ]相原雪乃+,[ﾌﾘﾙﾄﾞｳｪｽﾀﾝ]相原雪乃,[ﾌﾘﾙﾄﾞｳｪｽﾀﾝ]相原雪乃+,,,,,,,,,,,,,,,,,,,
宮本ﾌﾚﾃﾞﾘｶ,宮本ﾌﾚﾃﾞﾘｶ+,[湯けむり月夜]宮本ﾌﾚﾃﾞﾘｶ,[湯けむり月夜]宮本ﾌﾚﾃﾞﾘｶ+,[小悪魔ﾒｲﾄﾞ]宮本ﾌﾚﾃﾞﾘｶ,[小悪魔ﾒｲﾄﾞ]宮本ﾌﾚﾃﾞﾘｶ+,[ｼｮｺﾗﾊﾞﾚﾝﾀｲﾝ]宮本ﾌﾚﾃﾞﾘｶ,[ｼｮｺﾗﾊﾞﾚﾝﾀｲﾝ]宮本ﾌﾚﾃﾞﾘｶ+,[ｼｮｺﾗ･ｽﾏｲﾙ]宮本ﾌﾚﾃﾞﾘｶ,[ｼｮｺﾗ･ｽﾏｲﾙ]宮本ﾌﾚﾃﾞﾘｶ+,[ﾘｰﾌﾞﾙ･ﾐﾆﾖﾝ]宮本ﾌﾚﾃﾞﾘｶ,[ﾘｰﾌﾞﾙ･ﾐﾆﾖﾝ]宮本ﾌﾚﾃﾞﾘｶ+,[渚のﾏﾄﾞﾓﾜｾﾞﾙ]宮本ﾌﾚﾃﾞﾘｶ,[渚のﾏﾄﾞﾓﾜｾﾞﾙ]宮本ﾌﾚﾃﾞﾘｶ+,[ｶﾄﾞｰ･ﾄﾞ･ﾉｴﾙ]宮本ﾌﾚﾃﾞﾘｶ,[ｶﾄﾞｰ･ﾄﾞ･ﾉｴﾙ]宮本ﾌﾚﾃﾞﾘｶ+,,,,,,,,,,,
小早川紗枝,小早川紗枝+,[花火祭り]小早川紗枝,[花火祭り]小早川紗枝+,[花火祭りｽﾏｲﾙ]小早川紗枝,[花火祭りｽﾏｲﾙ]小早川紗枝+,[夏の夜の天女]小早川紗枝,[夏の夜の天女]小早川紗枝+,[はんなり京娘]小早川紗枝,[はんなり京娘]小早川紗枝+,[はんなりﾒｲﾄﾞ]小早川紗枝,[はんなりﾒｲﾄﾞ]小早川紗枝+,[CDﾃﾞﾋﾞｭｰ]小早川紗枝,[CDﾃﾞﾋﾞｭｰ]小早川紗枝+,[天衣の織姫]小早川紗枝,[天衣の織姫]小早川紗枝+,[ｼﾝﾃﾞﾚﾗﾄﾞﾘｰﾑ]小早川紗枝,[ｼﾝﾃﾞﾚﾗﾄﾞﾘｰﾑ]小早川紗枝+,,,,,,,,,
西園寺琴歌,西園寺琴歌+,[ｸｯｷﾝｸﾞﾁｬﾚﾝｼﾞ]西園寺琴歌,[ｸｯｷﾝｸﾞﾁｬﾚﾝｼﾞ]西園寺琴歌+,[ｸｯｷﾝｸﾞ･ｽﾏｲﾙ]西園寺琴歌,[ｸｯｷﾝｸﾞ･ｽﾏｲﾙ]西園寺琴歌+,[ﾄｷﾒｷﾊﾞﾚﾝﾀｲﾝ]西園寺琴歌,[ﾄｷﾒｷﾊﾞﾚﾝﾀｲﾝ]西園寺琴歌+,[はりきりお嬢様]西園寺琴歌,[はりきりお嬢様]西園寺琴歌+,[花園の春風]西園寺琴歌,[花園の春風]西園寺琴歌+,[ｺｺﾛ晴れ模様]西園寺琴歌,[ｺｺﾛ晴れ模様]西園寺琴歌+,,,,,,,,,,,,,
双葉杏,双葉杏+,[夏休み]双葉杏+,[笑顔の夏休み]双葉杏+,[だらだら妖精]双葉杏,[だらだら妖精]双葉杏+,[CDﾃﾞﾋﾞｭｰ]双葉杏,[CDﾃﾞﾋﾞｭｰ]双葉杏+,[ﾊﾛｳｨﾝぷちﾃﾞﾋﾞﾙ]双葉杏,[ﾊﾛｳｨﾝぷちﾃﾞﾋﾞﾙ]双葉杏+,[だだっ子お姫さま]双葉杏,[だだっ子お姫さま]双葉杏+,[新春の甘姫]双葉杏,[新春の甘姫]双葉杏+,[ﾜﾝﾀﾞﾌﾙﾏｼﾞｯｸ]双葉杏,[ﾜﾝﾀﾞﾌﾙﾏｼﾞｯｸ]双葉杏+,[杏の夏休み]双葉杏,[杏の夏休み]双葉杏+,[ﾉｰｱｲﾄﾞﾙ･ﾉｰﾗｲﾌ]双葉杏+,,,,,,,,
楊菲菲,楊菲菲+,[制服ｺﾚｸｼｮﾝ]楊菲菲,[制服ｺﾚｸｼｮﾝ]楊菲菲+,[ﾄｷﾒｷﾊﾞﾚﾝﾀｲﾝ]楊菲菲,[ﾄｷﾒｷﾊﾞﾚﾝﾀｲﾝ]楊菲菲+,[ﾌﾞｼﾄﾞｰﾅﾃﾞｼｺ]楊菲菲,[ﾌﾞｼﾄﾞｰﾅﾃﾞｼｺ]楊菲菲+,[繚乱の舞姫]楊菲菲,[繚乱の舞姫]楊菲菲+,[ﾊｰﾄﾌｪﾙﾄﾊﾟｰﾃｨｰ]楊菲菲,[ﾊｰﾄﾌｪﾙﾄﾊﾟｰﾃｨｰ]楊菲菲+,,,,,,,,,,,,,,,
桃井あずき,桃井あずき+,[桜祭り]桃井あずき,[桜祭り]桃井あずき+,[桜祭りｽﾏｲﾙ]桃井あずき,[桜祭りｽﾏｲﾙ]桃井あずき+,[ﾌﾚﾝｽﾞ大作戦]桃井あずき,[ﾌﾚﾝｽﾞ大作戦]桃井あずき+,[艶娘大作戦]桃井あずき,[艶娘大作戦]桃井あずき+,[湯けむり大作戦]桃井あずき,[湯けむり大作戦]桃井あずき+,[ﾒﾙﾍﾝ大作戦]桃井あずき,[ﾒﾙﾍﾝ大作戦]桃井あずき+,,,,,,,,,,,,,
涼宮星花,涼宮星花+,[UKｽﾀｲﾙ]涼宮星花,[UKｽﾀｲﾙ]涼宮星花+,[優しい旋律]涼宮星花,[優しい旋律]涼宮星花+,[ﾛｯｸI.C]涼宮星花+,[小悪魔お嬢様]涼宮星花,[小悪魔お嬢様]涼宮星花+,[お嬢様の一幕]涼宮星花,[お嬢様の一幕]涼宮星花+,[ｶﾞｰﾙｽﾞﾛｯｶｰ]涼宮星花,[ｶﾞｰﾙｽﾞﾛｯｶｰ]涼宮星花+,[ｶﾞｰﾙｽﾞﾛｯｶｰ･S]涼宮星花,[ｶﾞｰﾙｽﾞﾛｯｶｰ･S]涼宮星花+,,,,,,,,,,,,
月宮雅,月宮雅+,[ｴﾚｶﾞﾝﾄﾚｯﾄﾞ]月宮雅,[ｴﾚｶﾞﾝﾄﾚｯﾄﾞ]月宮雅+,[ﾋﾟﾝｷｰﾋﾞｷﾆ]月宮雅,[ﾋﾟﾝｷｰﾋﾞｷﾆ]月宮雅+,[ｾﾚｸﾄﾒｲﾄﾞ]月宮雅,[ｾﾚｸﾄﾒｲﾄﾞ]月宮雅+,[桜ｶﾞｰﾙ]月宮雅,[桜ｶﾞｰﾙ]月宮雅+,[華･美･雅]月宮雅,[華･美･雅]月宮雅+,,,,,,,,,,,,,,,
兵藤ﾚﾅ,兵藤ﾚﾅ+,[ﾃﾞｨｰﾗｰｽﾞﾊｰﾄ]兵藤ﾚﾅ,[ﾃﾞｨｰﾗｰｽﾞﾊｰﾄ]兵藤ﾚﾅ+,[湯けむり温泉]兵藤ﾚﾅ,[湯けむり温泉]兵藤ﾚﾅ+,[ﾛﾜｲﾔﾙｽﾀｲﾙ]兵藤ﾚﾅ,[ﾛﾜｲﾔﾙｽﾀｲﾙ]兵藤ﾚﾅ+,[ﾋﾞｰﾁｻｲﾄﾞ]兵藤ﾚﾅ,[ﾋﾞｰﾁｻｲﾄﾞ]兵藤ﾚﾅ+,[ｾｸｼｰﾊﾞﾆｰ]兵藤ﾚﾅ,[ｾｸｼｰﾊﾞﾆｰ]兵藤ﾚﾅ+,,,,,,,,,,,,,,,
道明寺歌鈴,道明寺歌鈴+,[新春]道明寺歌鈴,[新春]道明寺歌鈴+,[ｱﾆﾊﾞｰｻﾘｰﾋﾟﾝｸ]道明寺歌鈴,[ｱﾆﾊﾞｰｻﾘｰﾋﾟﾝｸ]道明寺歌鈴+,[新春ｺﾚｸｼｮﾝ]道明寺歌鈴,[新春ｺﾚｸｼｮﾝ]道明寺歌鈴+,[大器晩成]道明寺歌鈴,[大器晩成]道明寺歌鈴+,[ｻﾝｼｬｲﾝﾋﾞｰﾁ]道明寺歌鈴,[ｻﾝｼｬｲﾝﾋﾞｰﾁ]道明寺歌鈴+,[おてんば神楽]道明寺歌鈴,[おてんば神楽]道明寺歌鈴+,,,,,,,,,,,,,
高槻やよい,高槻やよい+,[制服ｸﾞﾘｰﾝ]高槻やよい,[制服ﾌﾞﾗｳﾝ]高槻やよい,[制服ﾌﾞﾗｯｸ]高槻やよい,[制服ﾈｲﾋﾞｰ]高槻やよい,[ﾋﾟﾝｸﾀﾞｲﾔﾓﾝﾄﾞ765]高槻やよい+,[ｴﾊﾞｰｸﾞﾘｰﾝﾘｰﾌﾞｽ]高槻やよい+,[ｷﾞﾙﾃﾞｯﾄﾞﾏﾄﾞﾓｱｾﾞﾙ]高槻やよい+,[ｽｶｰﾚｯﾄｽﾌﾟﾗｲﾄ]高槻やよい+,[ｽﾀｲﾘｯｼｭﾃﾞﾆﾑ]高槻やよい+,[元気120%]高槻やよい,[元気120%]高槻やよい+,[小さなお姉さん]高槻やよい,[小さなお姉さん]高槻やよい+,[ｵｵｶﾐｶﾞｰﾙ]高槻やよい+,,,,,,,,,,,
菊地真,菊地真+,[制服ﾍﾞｰｼﾞｭ]菊地真,[制服ﾌﾞﾙｰ]菊地真,[制服ﾌﾞﾗｯｸ]菊地真,[制服ﾎﾜｲﾄ]菊地真,[ﾋﾟﾝｸﾀﾞｲﾔﾓﾝﾄﾞ765]菊地真+,[ｽｶｰﾚｯﾄｽﾌﾟﾗｲﾄ]菊地真+,[ﾊﾟｳﾀﾞｰｽﾉｰﾎﾜｲﾃｨ]菊地真+,[ｷﾞﾙﾃﾞｯﾄﾞﾏﾄﾞﾓｱｾﾞﾙ]菊地真+,[ﾒｲﾃﾞﾝｲﾝﾌﾞﾗｯｸ]菊地真+,[王子様な女子]菊地真,[王子様な女子]菊地真+,[ｷｭｰﾃｨｰﾌﾟﾘﾝｾｽ]菊地真,[ｷｭｰﾃｨｰﾌﾟﾘﾝｾｽ]菊地真+,[ﾁｰﾑ765ｴﾝｼﾞｪﾙｽ]菊地真+,,,,,,,,,,,
我那覇響,我那覇響+,[沖縄元気っ娘]我那覇響,[沖縄元気っ娘]我那覇響+,[1stﾒﾓﾘｱﾙ]我那覇響+,,,,,,,,,,,,,,,,,,,,,,
柳清良,柳清良+,[ﾃﾞﾋﾞﾘｯｼｭｺﾞｼｯｸ]柳清良,[ﾃﾞﾋﾞﾘｯｼｭｺﾞｼｯｸ]柳清良+,[ｳｨﾝﾀｰｽﾀｲﾙ]柳清良,[ｳｨﾝﾀｰｽﾀｲﾙ]柳清良+,[黒白微笑]柳清良,[黒白微笑]柳清良+,[二面性の天使]柳清良,[二面性の天使]柳清良+,,,,,,,,,,,,,,,,,
[制服ﾍﾞｰｼﾞｭ]天海春香,[制服ｸﾞﾚｰ]天海春香,[制服ﾋﾟﾝｸ]天海春香,[制服ﾌﾞﾗｯｸ]天海春香,[ｻﾞ☆ﾜｲﾙﾄﾞｽﾄﾛﾍﾞﾘｰ]天海春香+,[ﾀﾞﾘｱﾉﾜｰﾙ]天海春香+,[ﾚｲｸｻｲﾄﾞﾊﾟﾝｼﾞｰ]天海春香+,[ﾌｫｰﾁｭｰﾝｸﾛｰﾊﾞｰ]天海春香+,[ﾎｯﾄｻﾏｰｼﾄﾗｽ]天海春香+,[普通の女の子]天海春香,[普通の女の子]天海春香+,[王道ｱｲﾄﾞﾙ]天海春香,[王道ｱｲﾄﾞﾙ]天海春香+,[ｼｬｲﾆｰﾌｪｽﾀ]天海春香,[ｼｬｲﾆｰﾌｪｽﾀ]天海春香+,[ﾕｶﾀﾒｲﾄﾞ]天海春香+,[ｱｰﾘｰｻﾏｰﾊﾞｶﾝｽ]天海春香+,,,,,,,,,,
井村雪菜,井村雪菜+,[ｺｽﾒﾃｨｯｸｶﾞｰﾙ]井村雪菜,[ｺｽﾒﾃｨｯｸｶﾞｰﾙ]井村雪菜+,[びっくりｳｨﾝｸ]井村雪菜,[びっくりｳｨﾝｸ]井村雪菜+,[ﾛﾏﾝﾁｯｸﾅｲﾄ]井村雪菜,[ﾛﾏﾝﾁｯｸﾅｲﾄ]井村雪菜+,,,,,,,,,,,,,,,,,,,
日下部若葉,日下部若葉+,[ｱﾆﾏﾙﾊﾟｰｸ]日下部若葉,[ｱﾆﾏﾙﾊﾟｰｸ]日下部若葉+,[ｻﾏｰﾊﾞｹｰｼｮﾝ]日下部若葉,[ｻﾏｰﾊﾞｹｰｼｮﾝ]日下部若葉+,[ﾏｰﾁﾝｸﾞﾊﾞﾝﾄﾞ]日下部若葉,[ﾏｰﾁﾝｸﾞﾊﾞﾝﾄﾞ]日下部若葉+,[ﾛｰｾﾞｽｺﾞｼｯｸ]日下部若葉,[ﾛｰｾﾞｽｺﾞｼｯｸ]日下部若葉+,[ﾛﾜｲﾔﾙﾘﾄﾙ]日下部若葉,[ﾛﾜｲﾔﾙﾘﾄﾙ]日下部若葉+,,,,,,,,,,,,,,,
榊原里美,榊原里美+,[ｲﾀﾘｱﾝｽﾀｲﾙ]榊原里美,[ｲﾀﾘｱﾝｽﾀｲﾙ]榊原里美+,[ﾒﾛﾒﾛｷｬﾝﾃﾞｨ]榊原里美,[ﾒﾛﾒﾛｷｬﾝﾃﾞｨ]榊原里美+,[ﾜｰｷﾝｸﾞ･ﾏﾌｨｱ]榊原里美,[ﾜｰｷﾝｸﾞ･ﾏﾌｨｱ]榊原里美+,[ｽﾌﾟﾗｯｼｭﾎﾞﾃﾞｨ]榊原里美,[ｽﾌﾟﾗｯｼｭﾎﾞﾃﾞｨ]榊原里美+,[ｼｭｶﾞｰﾘｰﾎﾞﾃﾞｨ]榊原里美,[ｼｭｶﾞｰﾘｰﾎﾞﾃﾞｨ]榊原里美+,[ｽｳｨｰﾄ･ﾛﾜｲﾔﾙ]榊原里美,[ｽｳｨｰﾄ･ﾛﾜｲﾔﾙ]榊原里美+,,,,,,,,,,,,,
輿水幸子,輿水幸子+,[自称･ｶﾜｲｲ]輿水幸子,[自称･ｶﾜｲｲ]輿水幸子+,[自称･天使]輿水幸子,[自称･天使]輿水幸子+,[自称･ｾｸｼｰ]輿水幸子,[自称･ｾｸｼｰ]輿水幸子+,[CDﾃﾞﾋﾞｭｰ]輿水幸子,[CDﾃﾞﾋﾞｭｰ]輿水幸子+,[自称･ﾌﾟﾚｾﾞﾝﾄ]輿水幸子,[自称･ﾌﾟﾚｾﾞﾝﾄ]輿水幸子+,[自称･ﾏｰﾒｲﾄﾞ]輿水幸子,[自称･ﾏｰﾒｲﾄﾞ]輿水幸子+,,,,,,,,,,,,,
安斎都,安斎都+,[探偵ﾒｲﾄﾞﾙ]安斎都,[探偵ﾒｲﾄﾞﾙ]安斎都+,[張り込みｽﾀｲﾙ]安斎都,[張り込みｽﾀｲﾙ]安斎都+,[ｽｸｰﾙｽﾀｲﾙ]安斎都,[ｽｸｰﾙｽﾀｲﾙ]安斎都+,[小さな名探偵]安斎都,[小さな名探偵]安斎都+,[聖夜のﾐｽﾃﾘｰ]安斎都,[聖夜のﾐｽﾃﾘｰ]安斎都+,,,,,,,,,,,,,,,
浅野風香,浅野風香+,[ﾃｰﾏﾊﾟｰｸ]浅野風香,[ﾃｰﾏﾊﾟｰｸ]浅野風香+,[ﾋﾟｭｱﾘｰｸﾞﾗｽ]浅野風香,[ﾋﾟｭｱﾘｰｸﾞﾗｽ]浅野風香+,[ﾊﾟﾗﾀﾞｲｽﾘｿﾞｰﾄ]浅野風香,[ﾊﾟﾗﾀﾞｲｽﾘｿﾞｰﾄ]浅野風香+,[ｼｰｸﾚｯﾄｸｲｰﾝ]浅野風香,[ｼｰｸﾚｯﾄｸｲｰﾝ]浅野風香+,,,,,,,,,,,,,,,,,
大西由里子,大西由里子+,[ﾒﾙﾍﾝ&ｺﾞｼｯｸ]大西由里子,[ﾒﾙﾍﾝ&ｺﾞｼｯｸ]大西由里子+,[ｽﾎﾟｰﾃｨｽﾀｲﾙ]大西由里子,[ｽﾎﾟｰﾃｨｽﾀｲﾙ]大西由里子+,[ﾌﾜﾌﾜﾕﾘﾕﾘ]大西由里子,[ﾌﾜﾌﾜﾕﾘﾕﾘ]大西由里子+,[目覚めし淑女]大西由里子,[目覚めし淑女]大西由里子+,,,,,,,,,,,,,,,,,
安部菜々,安部菜々+,[ﾆｭｰｲﾔｰ]安部菜々,[ﾆｭｰｲﾔｰ]安部菜々+,[お月見ｳｻﾐﾝ]安部菜々,[お月見ｳｻﾐﾝ]安部菜々+,[制服ｳｻﾐﾝ]安部菜々,[制服ｳｻﾐﾝ]安部菜々+,[CDﾃﾞﾋﾞｭｰ]安部菜々,[CDﾃﾞﾋﾞｭｰ]安部菜々+,[ﾊｯﾋﾟｰﾆｭｰｳｻﾐﾝ]安部菜々,[ﾊｯﾋﾟｰﾆｭｰｳｻﾐﾝ]安部菜々+,[ｽﾍﾟｰｽ☆ｳｻﾐﾝ]安部菜々,[ｽﾍﾟｰｽ☆ｳｻﾐﾝ]安部菜々+,[ｸﾘｽﾏｽｳｻﾐﾝ]安部菜々,[ｸﾘｽﾏｽｳｻﾐﾝ]安部菜々+,,,,,,,,,,,
工藤忍,工藤忍+,[学園祭]工藤忍,[学園祭]工藤忍+,[ﾎﾜｲﾄﾄﾞﾛｯﾌﾟ]工藤忍,[ﾎﾜｲﾄﾄﾞﾛｯﾌﾟ]工藤忍+,[ｽｸｰﾙｽﾀｲﾙ]工藤忍,[ｽｸｰﾙｽﾀｲﾙ]工藤忍+,[ﾊｯﾋﾟｰﾏｼﾞｼｬﾝ]工藤忍,[ﾊｯﾋﾟｰﾏｼﾞｼｬﾝ]工藤忍+,[私だけのｽﾃｰｼﾞ]工藤忍,[私だけのｽﾃｰｼﾞ]工藤忍+,,,,,,,,,,,,,,,
栗原ﾈﾈ,栗原ﾈﾈ+,[ｻﾏｰﾗｲﾌﾞ]栗原ﾈﾈ,[ｻﾏｰﾗｲﾌﾞ]栗原ﾈﾈ+,[ﾄﾞｷﾄﾞｷの体験]栗原ﾈﾈ,[ﾄﾞｷﾄﾞｷの体験]栗原ﾈﾈ+,[水彩の乙姫]栗原ﾈﾈ,[水彩の乙姫]栗原ﾈﾈ+,[さざ波の歌姫]栗原ﾈﾈ,[さざ波の歌姫]栗原ﾈﾈ+,[ｻﾌｧﾘﾌﾚﾝｽﾞ]栗原ﾈﾈ,[ｻﾌｧﾘﾌﾚﾝｽﾞ]栗原ﾈﾈ+,[ｻﾌｧﾘﾌﾚﾝｽﾞ･S]栗原ﾈﾈ,[ｻﾌｧﾘﾌﾚﾝｽﾞ･S]栗原ﾈﾈ+,,,,,,,,,,,,,
古賀小春,古賀小春+,[ﾌﾘﾙﾄﾞ☆ﾌﾟﾘﾝｾｽ]古賀小春,[ﾌﾘﾙﾄﾞ☆ﾌﾟﾘﾝｾｽ]古賀小春+,[ﾊﾟｼﾞｬﾏﾌﾞﾙｰ]古賀小春,[ﾊﾟｼﾞｬﾏｸﾞﾘｰﾝ]古賀小春,[ﾊﾟｼﾞｬﾏｲｴﾛｰ]古賀小春,[ﾊﾟｼﾞｬﾏﾋﾟﾝｸ]古賀小春,[制服☆わくわく]古賀小春+,[制服&ﾏﾌﾗｰ]古賀小春+,[制服&手袋]古賀小春+,[制服&ﾗﾝﾄﾞｾﾙ]古賀小春+,[制服&ﾋｮｳくん]古賀小春+,[ﾛﾜｲﾔﾙｽﾀｲﾙ]古賀小春,[ﾛﾜｲﾔﾙｽﾀｲﾙ]古賀小春+,[ﾏｰﾁﾝｸﾞﾊﾞﾝﾄﾞ]古賀小春,[ﾏｰﾁﾝｸﾞﾊﾞﾝﾄﾞ]古賀小春+,[ふかふかﾌﾟﾘﾝｾｽ]古賀小春,[ふかふかﾌﾟﾘﾝｾｽ]古賀小春+,[ﾄﾞﾘｰﾑ☆ﾌﾟﾘﾝｾｽ]古賀小春,[ﾄﾞﾘｰﾑ☆ﾌﾟﾘﾝｾｽ]古賀小春+,[ﾌｧﾝｼｰﾁｱｰ]古賀小春,[ﾌｧﾝｼｰﾁｱｰ]古賀小春+,,,,
ｸﾗﾘｽ,ｸﾗﾘｽ+,[ﾒｲﾄﾞｺﾚｸｼｮﾝ]ｸﾗﾘｽ,[ﾒｲﾄﾞｺﾚｸｼｮﾝ]ｸﾗﾘｽ+,[慈愛の乙女]ｸﾗﾘｽ,[慈愛の乙女]ｸﾗﾘｽ+,[ﾊｯﾋﾟｰｳｪﾃﾞｨﾝｸﾞ]ｸﾗﾘｽ,[ﾊｯﾋﾟｰｳｪﾃﾞｨﾝｸﾞ]ｸﾗﾘｽ+,[微笑みの聖女]ｸﾗﾘｽ,[微笑みの聖女]ｸﾗﾘｽ+,[癒しの贈り主]ｸﾗﾘｽ,[癒しの贈り主]ｸﾗﾘｽ+,[ｸﾘｽﾏｽﾁｱｰ]ｸﾗﾘｽ,[ｸﾘｽﾏｽﾁｱｰ]ｸﾗﾘｽ+,,,,,,,,,,,,,
佐久間まゆ,佐久間まゆ+,[ﾊﾛｳｨﾝﾊﾟｰﾃｨｰ]佐久間まゆ,[ﾊﾛｳｨﾝﾊﾟｰﾃｨｰ]佐久間まゆ+,[ﾊﾞﾚﾝﾀｲﾝﾊﾟｰﾃｨｰ]佐久間まゆ,[ﾊﾞﾚﾝﾀｲﾝﾊﾟｰﾃｨｰ]佐久間まゆ+,[ﾐﾆｵﾝﾙｰｼﾞｭ]佐久間まゆ,[ﾐﾆｵﾝﾙｰｼﾞｭ]佐久間まゆ+,[恋愛ｼﾝﾄﾞﾛｰﾑ]佐久間まゆ,[恋愛ｼﾝﾄﾞﾛｰﾑ]佐久間まゆ+,[深紅の絆]佐久間まゆ,[深紅の絆]佐久間まゆ+,[CDﾃﾞﾋﾞｭｰ]佐久間まゆ,[CDﾃﾞﾋﾞｭｰ]佐久間まゆ+,[永遠のｷｽﾞﾅ]佐久間まゆ,[永遠のｷｽﾞﾅ]佐久間まゆ+,,,,,,,,,,,
[ﾆｭｰｳｪｰﾌﾞ]村松さくら,[ﾆｭｰｳｪｰﾌﾞ]村松さくら+,[ｱﾒﾘｶﾝｽﾀｲﾙ]村松さくら,[ｱﾒﾘｶﾝｽﾀｲﾙ]村松さくら+,[ｼﾞｭｰﾝﾌﾞﾗｲﾄﾞ]村松さくら,[ｼﾞｭｰﾝﾌﾞﾗｲﾄﾞ]村松さくら+,[ﾋﾟｰﾁﾌﾞﾗｲﾄ]村松さくら,[ﾋﾟｰﾁﾌﾞﾗｲﾄ]村松さくら+,[ﾋﾟｰﾁｳｪｰﾌﾞ]村松さくら,[ﾋﾟｰﾁｳｪｰﾌﾞ]村松さくら+,[ももいろはぁと]村松さくら,[ももいろはぁと]村松さくら+,,,,,,,,,,,,,,,
丹羽仁美,丹羽仁美+,[制服ｺﾚｸｼｮﾝ]丹羽仁美,[制服ｺﾚｸｼｮﾝ]丹羽仁美+,[ﾊﾛｳｨﾝﾅｲﾄ]丹羽仁美,[ﾊﾛｳｨﾝﾅｲﾄ]丹羽仁美+,[ﾈｲﾋﾞｰｶﾞｰﾙ]丹羽仁美,[ﾈｲﾋﾞｰｶﾞｰﾙ]丹羽仁美+,[大傾奇娘]丹羽仁美,[大傾奇娘]丹羽仁美+,,,,,,,,,,,,,,,,,
[ｸﾘｽﾏｽﾊﾟｰﾃｨｰ]原田美世,[ｸﾘｽﾏｽﾊﾟｰﾃｨｰ]原田美世+,[ﾚｲﾝﾄﾞﾛｯﾌﾟ]原田美世,[ﾚｲﾝﾄﾞﾛｯﾌﾟ]原田美世+,[ﾚｲﾝﾄﾞﾛｯﾌﾟｽﾏｲﾙ]原田美世,[ﾚｲﾝﾄﾞﾛｯﾌﾟｽﾏｲﾙ]原田美世+,[ﾄﾞﾗｲﾌﾞRQ]原田美世,[ﾄﾞﾗｲﾌﾞRQ]原田美世+,[秘めた輝き]原田美世,[秘めた輝き]原田美世+,[ﾄﾞﾗｲﾌﾞｲﾝｻﾏｰ]原田美世,[ﾄﾞﾗｲﾌﾞｲﾝｻﾏｰ]原田美世+,,,,,,,,,,,,,,,
白菊ほたる,白菊ほたる+,[ｽｽﾞﾗﾝの少女]白菊ほたる,[ｽｽﾞﾗﾝの少女]白菊ほたる+,[ｸﾘｽﾏｽﾊﾟｰﾃｨｰ]白菊ほたる,[ｸﾘｽﾏｽﾊﾟｰﾃｨｰ]白菊ほたる+,[ﾈｸｽﾄｽﾀｰI.C]白菊ほたる+,[一輪の幸せ]白菊ほたる,[一輪の幸せ]白菊ほたる+,[一輪の微笑み]白菊ほたる,[一輪の微笑み]白菊ほたる+,[ｳﾞｫﾔｰｼﾞｭ･ﾌﾞﾚｲﾊﾞｰ]白菊ほたる,[ｳﾞｫﾔｰｼﾞｭ･ﾌﾞﾚｲﾊﾞｰ]白菊ほたる+,[ｺﾞｼｯｸ･ﾓﾃﾞﾙ]白菊ほたる,[ｺﾞｼｯｸ･ﾓﾃﾞﾙ]白菊ほたる+,[ｺﾞｼｯｸ･ﾓﾃﾞﾙ･S]白菊ほたる,[ｺﾞｼｯｸ･ﾓﾃﾞﾙ･S]白菊ほたる+,,,,,,,,,,
早坂美玲,早坂美玲+,[ﾎﾟｯﾋﾟﾝﾊﾟﾝｸ]早坂美玲,[ﾎﾟｯﾋﾟﾝﾊﾟﾝｸ]早坂美玲+,[ﾊﾟﾝｸな乙女]早坂美玲,[ﾊﾟﾝｸな乙女]早坂美玲+,[ﾀｲﾆｰﾛﾜｲﾔﾙ]早坂美玲,[ﾀｲﾆｰﾛﾜｲﾔﾙ]早坂美玲+,[ちいさなﾒｲﾄﾞさん]早坂美玲,[ちいさなﾒｲﾄﾞさん]早坂美玲+,,,,,,,,,,,,,,,,,
有浦柑奈,有浦柑奈+,[ﾗﾌﾞ&ﾊｯﾋﾟｰ]有浦柑奈,[ﾗﾌﾞ&ﾊｯﾋﾟｰ]有浦柑奈+,[ｸﾞﾘｯﾀｰｽﾃｰｼﾞ]有浦柑奈,[ｸﾞﾘｯﾀｰｽﾃｰｼﾞ]有浦柑奈+,[船上の音楽家]有浦柑奈,[船上の音楽家]有浦柑奈+,,,,,,,,,,,,,,,,,,,
乙倉悠貴,乙倉悠貴+,[ﾒﾙﾍﾝｱﾆﾏﾙｽﾞ]乙倉悠貴,[ﾒﾙﾍﾝｱﾆﾏﾙｽﾞ]乙倉悠貴+,,,,,,,,,,,,,,,,,,,,,,,
渋谷凛,渋谷凛+,[2ndｱﾆﾊﾞｰｻﾘｰ]渋谷凛,[2ndｱﾆﾊﾞｰｻﾘｰ]渋谷凛+,[2ndｱﾆﾊﾞｰｻﾘｰ･ｽﾏｲﾙ]渋谷凛,[2ndｱﾆﾊﾞｰｻﾘｰ･ｽﾏｲﾙ]渋谷凛+,[2ndｱﾆﾊﾞｰｻﾘｰ･ﾈｺﾐﾐ]渋谷凛,[2ndｱﾆﾊﾞｰｻﾘｰ･ﾈｺﾐﾐ]渋谷凛+,[ﾆｭｰｼﾞｪﾈﾚｰｼｮﾝ]渋谷凛,[ﾆｭｰｼﾞｪﾈﾚｰｼｮﾝ]渋谷凛+,[CDﾃﾞﾋﾞｭｰ]渋谷凛,[CDﾃﾞﾋﾞｭｰ]渋谷凛+,[ｱｲｵﾗｲﾄｺﾞｼｯｸ]渋谷凛+,[ﾋﾟｭｱﾊﾞﾚﾝﾀｲﾝ]渋谷凛,[ﾋﾟｭｱﾊﾞﾚﾝﾀｲﾝ]渋谷凛+,[夜宴の歌姫]渋谷凛,[夜宴の歌姫]渋谷凛+,[ﾜﾝﾀﾞﾌﾙﾏｼﾞｯｸ]渋谷凛,[ﾜﾝﾀﾞﾌﾙﾏｼﾞｯｸ]渋谷凛+,[ｼﾝﾃﾞﾚﾗｶﾞｰﾙ]渋谷凛,[ｼﾝﾃﾞﾚﾗｶﾞｰﾙ]渋谷凛+,[ｸｰﾙｻﾏｰﾊﾞｹｰｼｮﾝ]渋谷凛+,[ｱﾆﾊﾞｰｻﾘｰﾌﾟﾘﾝｾｽ]渋谷凛,[ｱﾆﾊﾞｰｻﾘｰﾌﾟﾘﾝｾｽ]渋谷凛+,,,
黒川千秋,黒川千秋+,[ﾊﾟｼﾞｬﾏﾊﾟｰﾃｨｰ]黒川千秋,[ﾊﾟｼﾞｬﾏﾊﾟｰﾃｨｰ]黒川千秋+,[気高きﾌﾟﾗｲﾄﾞ]黒川千秋,[気高きﾌﾟﾗｲﾄﾞ]黒川千秋+,[ｾﾚｸﾄﾒｲﾄﾞ]黒川千秋,[ｾﾚｸﾄﾒｲﾄﾞ]黒川千秋+,[ﾛﾜｲﾔﾙｽﾀｲﾙNP]黒川千秋,[ﾛﾜｲﾔﾙｽﾀｲﾙNP]黒川千秋+,[黒真珠の輝き]黒川千秋,[黒真珠の輝き]黒川千秋+,,,,,,,,,,,,,,,
松本沙理奈,松本沙理奈+,[水泳大会]松本沙理奈,[水泳大会]松本沙理奈+,[浴衣祭り]松本沙理奈,[浴衣祭り]松本沙理奈+,[ｾｸｼｰﾋﾞｭｰﾃｨｰ]松本沙理奈,[ｾｸｼｰﾋﾞｭｰﾃｨｰ]松本沙理奈+,[ｻﾝｼｬｲﾝﾏﾘﾅｰ]松本沙理奈,[ｻﾝｼｬｲﾝﾏﾘﾅｰ]松本沙理奈+,,,,,,,,,,,,,,,,,
桐野ｱﾔ,桐野ｱﾔ+,[ｽﾎﾟｰﾂ祭]桐野ｱﾔ,[ｽﾎﾟｰﾂ祭]桐野ｱﾔ+,[ﾊﾞﾘｽﾀｲﾙ]桐野ｱﾔ,[ﾊﾞﾘｽﾀｲﾙ]桐野ｱﾔ+,[不意の幸せ]桐野ｱﾔ,[不意の幸せ]桐野ｱﾔ+,[ｴﾚｶﾞﾝﾄﾏﾘｵﾈｯﾄ]桐野ｱﾔ,[ｴﾚｶﾞﾝﾄﾏﾘｵﾈｯﾄ]桐野ｱﾔ+,,,,,,,,,,,,,,,,,
高橋礼子,高橋礼子+,[湯けむり月夜]高橋礼子,[湯けむり月夜]高橋礼子+,[ﾊﾟﾗﾀﾞｲｽﾘｿﾞｰﾄ]高橋礼子,[ﾊﾟﾗﾀﾞｲｽﾘｿﾞｰﾄ]高橋礼子+,[ｲﾝﾓｰｼｮﾝ]高橋礼子,[ｲﾝﾓｰｼｮﾝ]高橋礼子+,[妖しき雌豹]高橋礼子,[妖しき雌豹]高橋礼子+,[魅惑のｶｸﾃﾙﾚﾃﾞｨ]高橋礼子,[魅惑のｶｸﾃﾙﾚﾃﾞｨ]高橋礼子+,,,,,,,,,,,,,,,
相川千夏,相川千夏+,[お花見]相川千夏,[お花見]相川千夏+,[ﾛﾜｲﾔﾙｽﾀｲﾙ]相川千夏,[ﾛﾜｲﾔﾙｽﾀｲﾙ]相川千夏+,[ﾒﾙﾍﾝｱﾆﾏﾙｽﾞ]相川千夏,[ﾒﾙﾍﾝｱﾆﾏﾙｽﾞ]相川千夏+,[ﾅｲﾄｴﾚｶﾞﾝｽ]相川千夏,[ﾅｲﾄｴﾚｶﾞﾝｽ]相川千夏+,,,,,,,,,,,,,,,,,
川島瑞樹,川島瑞樹+,[ﾊﾟｼﾞｬﾏﾊﾟｰﾃｨｰ]川島瑞樹,[ﾊﾟｼﾞｬﾏﾊﾟｰﾃｨｰ]川島瑞樹+,[花火祭り]川島瑞樹,[花火祭り]川島瑞樹+,[花火祭りｽﾏｲﾙ]川島瑞樹,[花火祭りｽﾏｲﾙ]川島瑞樹+,[永遠のﾌﾟﾘﾝｾｽ]川島瑞樹,[永遠のﾌﾟﾘﾝｾｽ]川島瑞樹+,[麗しき淑女]川島瑞樹,[麗しき淑女]川島瑞樹+,[CDﾃﾞﾋﾞｭｰ]川島瑞樹,[CDﾃﾞﾋﾞｭｰ]川島瑞樹+,[ｸﾘｽﾏｽｸｲｰﾝ]川島瑞樹,[ｸﾘｽﾏｽｸｲｰﾝ]川島瑞樹+,[熱情の魔女]川島瑞樹,[熱情の魔女]川島瑞樹+,,,,,,,,,
神谷奈緒,神谷奈緒+,[聖夜]神谷奈緒,[聖夜]神谷奈緒+,[京町乙女]神谷奈緒,[京町乙女]神谷奈緒+,[制服ｺﾚｸｼｮﾝ]神谷奈緒,[制服ｺﾚｸｼｮﾝ]神谷奈緒+,[恥じらい乙女]神谷奈緒,[恥じらい乙女]神谷奈緒+,[ｱﾄﾗｸﾄｺﾞｼｯｸ]神谷奈緒,[ｱﾄﾗｸﾄｺﾞｼｯｸ]神谷奈緒+,[夜宴のﾒｲﾄﾞ]神谷奈緒,[夜宴のﾒｲﾄﾞ]神谷奈緒+,[CDﾃﾞﾋﾞｭｰ]神谷奈緒,[CDﾃﾞﾋﾞｭｰ]神谷奈緒+,[魔法のｴｰﾙ]神谷奈緒,[魔法のｴｰﾙ]神谷奈緒+,,,,,,,,,
上条春菜,上条春菜+,[眼鏡ﾏｼﾞｯｸ]上条春菜,[眼鏡ﾏｼﾞｯｸ]上条春菜+,[ｱﾆﾊﾞｰｻﾘｰﾌﾞﾙｰ]上条春菜,[ｱﾆﾊﾞｰｻﾘｰﾌﾞﾙｰ]上条春菜+,[新春ｺﾚｸｼｮﾝ]上条春菜,[新春ｺﾚｸｼｮﾝ]上条春菜+,[ｸﾘｽﾏｽﾌﾟﾚｾﾞﾝﾄ]上条春菜,[ｸﾘｽﾏｽﾌﾟﾚｾﾞﾝﾄ]上条春菜+,[眼鏡ﾌﾟﾘﾝｾｽ]上条春菜,[眼鏡ﾌﾟﾘﾝｾｽ]上条春菜+,[ﾎﾜｲﾄﾌﾟﾘﾝｾｽ]上条春菜,[ﾎﾜｲﾄﾌﾟﾘﾝｾｽ]上条春菜+,[眼鏡越しの輝き]上条春菜,[眼鏡越しの輝き]上条春菜+,,,,,,,,,,,
荒木比奈,荒木比奈+,[ｻｲﾊﾞｰｸﾞﾗｽ]荒木比奈,[ｻｲﾊﾞｰｸﾞﾗｽ]荒木比奈+,[ｸﾘｽﾏｽﾊﾟｰﾃｨｰ]荒木比奈,[ｸﾘｽﾏｽﾊﾟｰﾃｨｰ]荒木比奈+,[ﾌﾞﾙｰﾌﾛｰﾄﾊﾟｰﾃｨｰ]荒木比奈,[ﾌﾞﾙｰﾌﾛｰﾄﾊﾟｰﾃｨｰ]荒木比奈+,[花咲く舞姿]荒木比奈,[花咲く舞姿]荒木比奈+,[夏の思い出]荒木比奈,[夏の思い出]荒木比奈+,[一夏の思い出]荒木比奈,[一夏の思い出]荒木比奈+,,,,,,,,,,,,,
東郷あい,東郷あい+,[新春]東郷あい,[新春]東郷あい+,[ﾒｲﾄﾞｺﾚｸｼｮﾝ]東郷あい,[ﾒｲﾄﾞｺﾚｸｼｮﾝ]東郷あい+,[桜祭り]東郷あい,[桜祭り]東郷あい+,[桜祭りｽﾏｲﾙ]東郷あい,[桜祭りｽﾏｲﾙ]東郷あい+,[ｴﾚｶﾞﾝﾄﾋﾞｭｰﾃｨｰ]東郷あい,[ｴﾚｶﾞﾝﾄﾋﾞｭｰﾃｨｰ]東郷あい+,[美貌の麗女]東郷あい,[美貌の麗女]東郷あい+,[ﾄﾞﾗｲﾌﾞﾄｩﾈｸｽﾄ]東郷あい,[ﾄﾞﾗｲﾌﾞﾄｩﾈｸｽﾄ]東郷あい+,,,,,,,,,,,
多田李衣菜,多田李衣菜+,[ﾊﾞﾚﾝﾀｲﾝ]多田李衣菜,[ﾊﾞﾚﾝﾀｲﾝ]多田李衣菜+,[制服ｺﾚｸｼｮﾝ]多田李衣菜,[制服ｺﾚｸｼｮﾝ]多田李衣菜+,[ﾛｯｷﾝｸﾞｾｯｼｮﾝ]多田李衣菜,[ﾛｯｷﾝｸﾞｾｯｼｮﾝ]多田李衣菜+,[ﾛｯｷﾝｸﾞｶﾞｰﾙ]多田李衣菜,[ﾛｯｷﾝｸﾞｶﾞｰﾙ]多田李衣菜+,[新春ﾛｯｶｰ]多田李衣菜,[新春ﾛｯｶｰ]多田李衣菜+,[CDﾃﾞﾋﾞｭｰ]多田李衣菜,[CDﾃﾞﾋﾞｭｰ]多田李衣菜+,[ｴｲﾄﾋﾞｰﾄﾛｯｶｰ]多田李衣菜,[ｴｲﾄﾋﾞｰﾄﾛｯｶｰ]多田李衣菜+,[ｼﾝﾃﾞﾚﾗﾄﾞﾘｰﾑ]多田李衣菜,[ｼﾝﾃﾞﾚﾗﾄﾞﾘｰﾑ]多田李衣菜+,[ﾌｫｰ･ﾋﾟｰｽ]多田李衣菜,[ﾌｫｰ･ﾋﾟｰｽ]多田李衣菜+,[ﾊﾟｰﾃｨｰﾛｯｸｱﾝｾﾑ]多田李衣菜,[ﾊﾟｰﾃｨｰﾛｯｸｱﾝｾﾑ]多田李衣菜+,,,,,
水木聖來,水木聖來+,[お花見]水木聖來,[お花見]水木聖來+,[ﾏｰﾒｲﾄﾞﾊﾟﾗﾀﾞｲｽ]水木聖來,[ﾏｰﾒｲﾄﾞﾊﾟﾗﾀﾞｲｽ]水木聖來+,[ｱｯﾌﾟﾄｩﾃﾞｲﾄ]水木聖來,[ｱｯﾌﾟﾄｩﾃﾞｲﾄ]水木聖來+,[ﾊｰﾄﾋﾞｰﾄUSA]水木聖來,[ﾊｰﾄﾋﾞｰﾄUSA]水木聖來+,[ｻﾝﾗｲﾄﾏﾘﾅｰ]水木聖來,[ｻﾝﾗｲﾄﾏﾘﾅｰ]水木聖來+,[魅惑のﾊﾞﾆｰ]水木聖來,[魅惑のﾊﾞﾆｰ]水木聖來+,,,,,,,,,,,,,
佐々木千枝,佐々木千枝+,[ﾊﾞﾚﾝﾀｲﾝ]佐々木千枝,[ﾊﾞﾚﾝﾀｲﾝ]佐々木千枝+,[ﾃﾞﾋﾞﾘｯｼｭｺﾞｼｯｸ]佐々木千枝,[ﾃﾞﾋﾞﾘｯｼｭｺﾞｼｯｸ]佐々木千枝+,[ｽﾀﾃﾞｨ＆ｽﾃﾃﾞｨ]佐々木千枝,[ｽﾀﾃﾞｨ＆ｽﾃﾃﾞｨ]佐々木千枝+,[魔法のｽﾏｲﾙ]佐々木千枝,[魔法のｽﾏｲﾙ]佐々木千枝+,[色づき紅葉]佐々木千枝,[色づき紅葉]佐々木千枝+,[ﾏｰﾁﾝｸﾞ☆ﾒｼﾞｬｰ]佐々木千枝,[ﾏｰﾁﾝｸﾞ☆ﾒｼﾞｬｰ]佐々木千枝+,[色づき紅葉･ｽﾏｲﾙ]佐々木千枝,[色づき紅葉･ｽﾏｲﾙ]佐々木千枝+,[ﾁｬｰﾐﾝｸﾞﾁｱｰ]佐々木千枝,[ﾁｬｰﾐﾝｸﾞﾁｱｰ]佐々木千枝+,,,,,,,,,
三船美優,三船美優+,[ｱﾆﾏﾙﾊﾟｰｸ]三船美優,[ｱﾆﾏﾙﾊﾟｰｸ]三船美優+,[ｸﾘｽﾏｽﾊﾟｰﾃｨｰ]三船美優,[ｸﾘｽﾏｽﾊﾟｰﾃｨｰ]三船美優+,[癒しの女神]三船美優,[癒しの女神]三船美優+,[ﾃｨｱﾄﾞﾛｯﾌﾟ]三船美優,[ﾃｨｱﾄﾞﾛｯﾌﾟ]三船美優+,[ﾃｨｱﾄﾞﾛｯﾌﾟｽﾏｲﾙ]三船美優,[ﾃｨｱﾄﾞﾛｯﾌﾟｽﾏｲﾙ]三船美優+,[ｴﾚｶﾞﾝﾄｱｸﾄﾚｽ]三船美優,[ｴﾚｶﾞﾝﾄｱｸﾄﾚｽ]三船美優+,[優美なる花嫁]三船美優,[優美なる花嫁]三船美優+,[ふぁいと一発]三船美優,[ふぁいと一発]三船美優+,,,,,,,,,
服部瞳子,服部瞳子+,[新たな一面]服部瞳子,[新たな一面]服部瞳子+,[一輪の花]服部瞳子,[一輪の花]服部瞳子+,,,,,,,,,,,,,,,,,,,,,
木場真奈美,木場真奈美+,[ﾊﾛｳｨﾝｳﾞｧﾝﾊﾟｲｱ]木場真奈美,[ﾊﾛｳｨﾝｳﾞｧﾝﾊﾟｲｱ]木場真奈美+,[ﾒﾀﾘｯｸﾚﾃﾞｨｳﾙﾌ]木場真奈美,[ﾒﾀﾘｯｸﾚﾃﾞｨｳﾙﾌ]木場真奈美+,[ｽｸｰﾙｶﾞｰﾙ]木場真奈美,[ｽｸｰﾙｶﾞｰﾙ]木場真奈美+,[ﾋﾞｰﾁｸｲｰﾝ]木場真奈美,[ﾋﾞｰﾁｸｲｰﾝ]木場真奈美+,,,,,,,,,,,,,,,,,
藤原肇,藤原肇+,[浴衣祭り]藤原肇,[浴衣祭り]藤原肇+,[夢の使者]藤原肇,[夢の使者]藤原肇+,[夜桜小町]藤原肇,[夜桜小町]藤原肇+,[憧憬の絵姿]藤原肇,[憧憬の絵姿]藤原肇+,[九天の玄女]藤原肇,[九天の玄女]藤原肇+,[新たな色]藤原肇,[新たな色]藤原肇+,,,,,,,,,,,,,
新田美波,新田美波+,[ｻﾏｰﾗｲﾌﾞ]新田美波,[ｻﾏｰﾗｲﾌﾞ]新田美波+,[笑顔の女神]新田美波,[笑顔の女神]新田美波+,[制服の女神]新田美波,[制服の女神]新田美波+,[CDﾃﾞﾋﾞｭｰ]新田美波,[CDﾃﾞﾋﾞｭｰ]新田美波+,[眠れる小悪魔]新田美波,[眠れる小悪魔]新田美波+,[ｼﾝﾃﾞﾚﾗﾄﾞﾘｰﾑ]新田美波,[ｼﾝﾃﾞﾚﾗﾄﾞﾘｰﾑ]新田美波+,[ﾚﾃﾞｨｱﾝﾄｳﾞｨｰﾅｽ]新田美波,[ﾚﾃﾞｨｱﾝﾄｳﾞｨｰﾅｽ]新田美波+,[3rdｱﾆﾊﾞｰｻﾘｰ]新田美波,[3rdｱﾆﾊﾞｰｻﾘｰ]新田美波+,[3rdｱﾆﾊﾞｰｻﾘｰ･S]新田美波,[3rdｱﾆﾊﾞｰｻﾘｰ･S]新田美波+,,,,,,,
水野翠,水野翠+,[純真子女]水野翠,[純真子女]水野翠+,[ﾋﾞｰﾁｻｲﾄﾞ]水野翠,[ﾋﾞｰﾁｻｲﾄﾞ]水野翠+,[真心の射手]水野翠,[真心の射手]水野翠+,[流麗な令嬢]水野翠,[流麗な令嬢]水野翠+,[光彩の華]水野翠,[光彩の華]水野翠+,,,,,,,,,,,,,,,
[ﾑｰﾝﾗｲﾄﾊﾞﾆｰ]古澤頼子,[ﾑｰﾝﾗｲﾄﾊﾞﾆｰ]古澤頼子+,[幕間のひととき]古澤頼子,[幕間のひととき]古澤頼子+,[憩いのひととき]古澤頼子,[憩いのひととき]古澤頼子+,[博識子女]古澤頼子,[博識子女]古澤頼子+,,,,,,,,,,,,,,,,,,,
橘ありす,橘ありす+,[ｼﾞｭｰﾝﾌﾞﾗｲﾄﾞ]橘ありす,[ｼﾞｭｰﾝﾌﾞﾗｲﾄﾞ]橘ありす+,[ﾏｰﾁﾝｸﾞﾊﾞﾝﾄﾞ]橘ありす,[ﾏｰﾁﾝｸﾞﾊﾞﾝﾄﾞ]橘ありす+,[小さな妖精]橘ありす,[小さな妖精]橘ありす+,[ｽﾄﾛﾍﾞﾘｰﾁｬﾚﾝｼﾞ]橘ありす,[ｽﾄﾛﾍﾞﾘｰﾁｬﾚﾝｼﾞ]橘ありす+,[ｽﾄﾛﾍﾞﾘｰ･ｽﾏｲﾙ]橘ありす,[ｽﾄﾛﾍﾞﾘｰ･ｽﾏｲﾙ]橘ありす+,[夢見る妖精]橘ありす,[夢見る妖精]橘ありす+,,,,,,,,,,,,,
鷺沢文香,鷺沢文香+,[新たな一歩]鷺沢文香,[新たな一歩]鷺沢文香+,[紙背の想い人]鷺沢文香,[紙背の想い人]鷺沢文香+,[紺碧の境界]鷺沢文香,[紺碧の境界]鷺沢文香+,,,,,,,,,,,,,,,,,,,
八神ﾏｷﾉ,八神ﾏｷﾉ+,[ｽﾎﾟｰﾃｨｽﾀｲﾙ]八神ﾏｷﾉ,[ｽﾎﾟｰﾃｨｽﾀｲﾙ]八神ﾏｷﾉ+,[学園の生徒]八神ﾏｷﾉ,[学園の生徒]八神ﾏｷﾉ+,[学園の生徒･H]八神ﾏｷﾉ,[学園の生徒･H]八神ﾏｷﾉ+,[秋色温泉]八神ﾏｷﾉ,[秋色温泉]八神ﾏｷﾉ+,[ｼｰｸﾚｯﾄﾅｲﾄ]八神ﾏｷﾉ,[ｼｰｸﾚｯﾄﾅｲﾄ]八神ﾏｷﾉ+,,,,,,,,,,,,,,,
ﾗｲﾗ,ﾗｲﾗ+,[ﾆｭｰｲﾔｰｽﾀｲﾙ]ﾗｲﾗ,[ﾆｭｰｲﾔｰｽﾀｲﾙ]ﾗｲﾗ+,[ﾛｯｸI.C]ﾗｲﾗ+,[ｸﾘｽﾏｽﾌﾟﾚｾﾞﾝﾄ]ﾗｲﾗ,[ｸﾘｽﾏｽﾌﾟﾚｾﾞﾝﾄ]ﾗｲﾗ+,[ﾐｽﾃﾘｱｽｼｴﾗｻﾞｰﾄﾞ]ﾗｲﾗ,[ﾐｽﾃﾘｱｽｼｴﾗｻﾞｰﾄﾞ]ﾗｲﾗ+,[ｶﾞｰﾙｽﾞﾛｯｶｰ]ﾗｲﾗ,[ｶﾞｰﾙｽﾞﾛｯｶｰ]ﾗｲﾗ+,[ｶﾞｰﾙｽﾞﾛｯｶｰ･S]ﾗｲﾗ,[ｶﾞｰﾙｽﾞﾛｯｶｰ･S]ﾗｲﾗ+,,,,,,,,,,,,,,
浅利七海,浅利七海+,[ﾜｰｷﾝｸﾞ･ｼｰ]浅利七海,[ﾜｰｷﾝｸﾞ･ｼｰ]浅利七海+,[ｼｰｻｲﾄﾞﾁｱｰ]浅利七海,[ｼｰｻｲﾄﾞﾁｱｰ]浅利七海+,,,,,,,,,,,,,,,,,,,,,
ﾍﾚﾝ,ﾍﾚﾝ+,[ｲﾀﾘｱﾝｽﾀｲﾙ]ﾍﾚﾝ,[ｲﾀﾘｱﾝｽﾀｲﾙ]ﾍﾚﾝ+,[ﾊﾞﾆｰｶﾞｰﾙ]ﾍﾚﾝ,[ﾊﾞﾆｰｶﾞｰﾙ]ﾍﾚﾝ+,[T.B.ﾁｱｰｽﾞ]ﾍﾚﾝ,[T.B.ﾁｱｰｽﾞ]ﾍﾚﾝ+,[SUHADAｽﾀｲﾙ]ﾍﾚﾝ,[SUHADAｽﾀｲﾙ]ﾍﾚﾝ+,[ﾜｰﾙﾄﾞｲｽﾞﾏｲﾝ]ﾍﾚﾝ,[ﾜｰﾙﾄﾞｲｽﾞﾏｲﾝ]ﾍﾚﾝ+,,,,,,,,,,,,,,,
松永涼,松永涼+,[ﾃｰﾏﾊﾟｰｸ]松永涼,[ﾃｰﾏﾊﾟｰｸ]松永涼+,[ﾊﾛｳｨﾝﾊﾟｰﾃｨｰ]松永涼,[ﾊﾛｳｨﾝﾊﾟｰﾃｨｰ]松永涼+,[ﾛｯｷﾝｳﾞｫｰｶﾙ]松永涼,[ﾛｯｷﾝｳﾞｫｰｶﾙ]松永涼+,[熱気の中で]松永涼,[熱気の中で]松永涼+,[ﾛｯｷﾝｳﾞｫｰｶﾘｽﾄ]松永涼,[ﾛｯｷﾝｳﾞｫｰｶﾘｽﾄ]松永涼+,,,,,,,,,,,,,,,
小室千奈美,小室千奈美+,[ｽﾎﾟｰﾂ祭]小室千奈美,[ｽﾎﾟｰﾂ祭]小室千奈美+,[ｾﾚﾌﾞﾚﾃｨJKT]小室千奈美,[ｾﾚﾌﾞﾚﾃｨJKT]小室千奈美+,[ｽﾃｰｼﾞﾃﾞｨｰｳﾞｧ]小室千奈美,[ｽﾃｰｼﾞﾃﾞｨｰｳﾞｧ]小室千奈美+,[美しき品位]小室千奈美,[美しき品位]小室千奈美+,,,,,,,,,,,,,,,,,
高峯のあ,高峯のあ+,[ｻｲﾊﾞﾈﾃｨｯｸﾋﾞｭｰﾃｨｰ]高峯のあ,[ｻｲﾊﾞﾈﾃｨｯｸﾋﾞｭｰﾃｨｰ]高峯のあ+,[寡黙の女王]高峯のあ,[寡黙の女王]高峯のあ+,[ﾐｽﾃﾘｱｽﾒｲﾄﾞ]高峯のあ,[ﾐｽﾃﾘｱｽﾒｲﾄﾞ]高峯のあ+,[ﾄﾗﾝｾﾝﾄﾞﾊﾞﾆｰ]高峯のあ,[ﾄﾗﾝｾﾝﾄﾞﾊﾞﾆｰ]高峯のあ+,[銀弾の射手]高峯のあ,[銀弾の射手]高峯のあ+,,,,,,,,,,,,,,,
高垣楓,高垣楓+,[神秘の女神]高垣楓,[神秘の女神]高垣楓+,[CDﾃﾞﾋﾞｭｰ]高垣楓,[CDﾃﾞﾋﾞｭｰ]高垣楓+,[湯けむり女神]高垣楓,[湯けむり女神]高垣楓+,[新緑の淑女]高垣楓,[新緑の淑女]高垣楓+,[甘美なる姫君]高垣楓,[甘美なる姫君]高垣楓+,[ﾜﾝﾀﾞﾌﾙﾏｼﾞｯｸ]高垣楓,[ﾜﾝﾀﾞﾌﾙﾏｼﾞｯｸ]高垣楓+,,,,,,,,,,,,,
神崎蘭子,神崎蘭子+,[天使な堕天使]神崎蘭子,[天使な堕天使]神崎蘭子+,[渚の天使]神崎蘭子,[渚の天使]神崎蘭子+,[CDﾃﾞﾋﾞｭｰ]神崎蘭子,[CDﾃﾞﾋﾞｭｰ]神崎蘭子+,[覚醒魔王]神崎蘭子,[覚醒魔王]神崎蘭子+,[ｼﾝﾃﾞﾚﾗｶﾞｰﾙ]神崎蘭子,[ｼﾝﾃﾞﾚﾗｶﾞｰﾙ]神崎蘭子+,[ｱﾆﾊﾞｰｻﾘｰﾌﾟﾘﾝｾｽ]神崎蘭子,[ｱﾆﾊﾞｰｻﾘｰﾌﾟﾘﾝｾｽ]神崎蘭子+,[ﾜﾝﾀﾞﾌﾙﾏｼﾞｯｸ]神崎蘭子,[ﾜﾝﾀﾞﾌﾙﾏｼﾞｯｸ]神崎蘭子+,[紅蓮の夜姫]神崎蘭子,[紅蓮の夜姫]神崎蘭子+,,,,,,,,,
伊集院惠,伊集院惠+,[ﾄﾞｲﾂｽﾀｲﾙ]伊集院惠,[ﾄﾞｲﾂｽﾀｲﾙ]伊集院惠+,[ﾄｷﾒｷﾊﾞﾚﾝﾀｲﾝ]伊集院惠,[ﾄｷﾒｷﾊﾞﾚﾝﾀｲﾝ]伊集院惠+,,,,,,,,,,,,,,,,,,,,,
柊志乃,柊志乃+,[湯けむり温泉]柊志乃,[湯けむり温泉]柊志乃+,[ｾｸｼｰｸﾞﾚｰﾌﾟ]柊志乃,[ｾｸｼｰｸﾞﾚｰﾌﾟ]柊志乃+,[新春ｺﾚｸｼｮﾝ]柊志乃,[新春ｺﾚｸｼｮﾝ]柊志乃+,[ほろ酔い艶美]柊志乃,[ほろ酔い艶美]柊志乃+,[ﾄﾞﾗﾝｶｰﾊﾟｲﾚｰﾂ]柊志乃,[ﾄﾞﾗﾝｶｰﾊﾟｲﾚｰﾂ]柊志乃+,,,,,,,,,,,,,,,
北条加蓮,北条加蓮+,[制服ｺﾚｸｼｮﾝ]北条加蓮,[制服ｺﾚｸｼｮﾝ]北条加蓮+,[煌めきの乙女]北条加蓮,[煌めきの乙女]北条加蓮+,[ｱﾆﾊﾞｰｻﾘｰｺﾞｼｯｸ]北条加蓮,[ｱﾆﾊﾞｰｻﾘｰｺﾞｼｯｸ]北条加蓮+,[純白の花嫁]北条加蓮,[純白の花嫁]北条加蓮+,[ｱﾆﾊﾞｰｻﾘｰｺﾞｼｯｸ･S]北条加蓮,[ｱﾆﾊﾞｰｻﾘｰｺﾞｼｯｸ･S]北条加蓮+,[CDﾃﾞﾋﾞｭｰ]北条加蓮,[CDﾃﾞﾋﾞｭｰ]北条加蓮+,[夜宴の白芙蓉]北条加蓮,[夜宴の白芙蓉]北条加蓮+,[希望の聖夜]北条加蓮,[希望の聖夜]北条加蓮+,,,,,,,,,
ｹｲﾄ,ｹｲﾄ+,[UKｽﾀｲﾙ]ｹｲﾄ,[UKｽﾀｲﾙ]ｹｲﾄ+,[ﾋﾟｯﾁﾋﾟﾁ☆ﾋﾟｰﾁ]ｹｲﾄ,[ﾋﾟｯﾁﾋﾟﾁ☆ﾋﾟｰﾁ]ｹｲﾄ+,[ｽﾌﾟﾗｯｼｭﾋﾞｭｰﾃｨｰ]ｹｲﾄ,[ｽﾌﾟﾗｯｼｭﾋﾞｭｰﾃｨｰ]ｹｲﾄ+,,,,,,,,,,,,,,,,,,,
瀬名詩織,瀬名詩織+,[ﾏｰﾒｲﾄﾞﾊﾟﾗﾀﾞｲｽ]瀬名詩織,[ﾏｰﾒｲﾄﾞﾊﾟﾗﾀﾞｲｽ]瀬名詩織+,[ﾊｯﾋﾟｰｳｪﾃﾞｨﾝｸﾞ]瀬名詩織,[ﾊｯﾋﾟｰｳｪﾃﾞｨﾝｸﾞ]瀬名詩織+,[白波の歌姫]瀬名詩織,[白波の歌姫]瀬名詩織+,[ﾗｯｼｭ･ﾛﾜｲﾔﾙ]瀬名詩織,[ﾗｯｼｭ･ﾛﾜｲﾔﾙ]瀬名詩織+,,,,,,,,,,,,,,,,,
綾瀬穂乃香,綾瀬穂乃香+,[制服ｺﾚｸｼｮﾝ]綾瀬穂乃香,[制服ｺﾚｸｼｮﾝ]綾瀬穂乃香+,[ﾌﾟﾘﾏ･ｶﾞｰﾙ]綾瀬穂乃香,[ﾌﾟﾘﾏ･ｶﾞｰﾙ]綾瀬穂乃香+,[ﾋﾟｭｱﾊｰﾄ]綾瀬穂乃香,[ﾋﾟｭｱﾊｰﾄ]綾瀬穂乃香+,[ﾄﾞｷﾄﾞｷ☆ﾁｬﾚﾝｼﾞ]綾瀬穂乃香,[ﾄﾞｷﾄﾞｷ☆ﾁｬﾚﾝｼﾞ]綾瀬穂乃香+,[ｸﾛﾈｺﾁｱｰ]綾瀬穂乃香,[ｸﾛﾈｺﾁｱｰ]綾瀬穂乃香+,,,,,,,,,,,,,,,
佐城雪美,佐城雪美+,[ｾﾚｸﾄﾒｲﾄﾞ]佐城雪美,[ｾﾚｸﾄﾒｲﾄﾞ]佐城雪美+,[T.B.ﾁｱｰｽﾞ]佐城雪美,[T.B.ﾁｱｰｽﾞ]佐城雪美+,[ﾌﾟﾁ･ﾏﾄﾞﾓｱｾﾞﾙ]佐城雪美,[ﾌﾟﾁ･ﾏﾄﾞﾓｱｾﾞﾙ]佐城雪美+,[ｸﾘｽﾏｽﾄﾞｰﾙ]佐城雪美,[ｸﾘｽﾏｽﾄﾞｰﾙ]佐城雪美+,[夏宵のお嬢様]佐城雪美,[夏宵のお嬢様]佐城雪美+,,,,,,,,,,,,,,,
如月千早,如月千早+,[制服ﾌﾞﾙｰ]如月千早,[制服ﾍﾞｰｼﾞｭ]如月千早,[制服ﾚｯﾄﾞ]如月千早,[制服ｸﾞﾘｰﾝ]如月千早,[ﾋﾟﾝｸﾀﾞｲﾔﾓﾝﾄﾞ765]如月千早+,[ﾊﾟｳﾀﾞｰｽﾉｰﾎﾜｲﾃｨ]如月千早+,[ﾌｧｲｱｵﾊﾟｰﾙ76ct]如月千早+,[ﾚｻﾞｰﾄﾞｸｨｰﾝ]如月千早+,[ﾊｲﾈｽﾙｰｼﾞｭ]如月千早+,[孤高の歌姫]如月千早,[孤高の歌姫]如月千早+,[瑠璃の歌姫]如月千早,[瑠璃の歌姫]如月千早+,[ｽｸｰﾘｯｼｭｶﾞｰﾙ]如月千早+,[ｱｰﾘｰｻﾏｰﾊﾞｶﾝｽ]如月千早+,,,,,,,,,,
三浦あずさ,三浦あずさ+,[皆のお姉さん]三浦あずさ,[皆のお姉さん]三浦あずさ+,[ｴｽﾃﾙ衣装]三浦あずさ+,,,,,,,,,,,,,,,,,,,,,,
秋月律子,秋月律子+,[ﾌﾟﾛﾃﾞｭｰｻｰｱｲﾄﾞﾙ]秋月律子,[ﾌﾟﾛﾃﾞｭｰｻｰｱｲﾄﾞﾙ]秋月律子+,,,,,,,,,,,,,,,,,,,,,,,
四条貴音,四条貴音+,[ﾃﾞﾋﾞｭﾀﾝﾄﾋﾟﾝｸ]四条貴音,[ﾃﾞﾋﾞｭﾀﾝﾄﾌﾞﾙｰ]四条貴音,[ﾃﾞﾋﾞｭﾀﾝﾄﾌﾞﾗｯｸ]四条貴音,[ﾃﾞﾋﾞｭﾀﾝﾄﾎﾜｲﾄ]四条貴音,[ﾋﾟﾝｸﾀﾞｲﾔﾓﾝﾄﾞ765]四条貴音+,[ｽｶｲﾊﾟｽﾞﾗｰ]四条貴音+,[ﾒｲﾃﾞﾝｲﾝﾌﾞﾗｯｸ]四条貴音+,[ｽｶｰﾚｯﾄｽﾌﾟﾗｲﾄ]四条貴音+,[ｷﾞﾙﾃﾞｯﾄﾞﾏﾄﾞﾓｱｾﾞﾙ]四条貴音+,[銀色の王女]四条貴音,[銀色の王女]四条貴音+,[鏡花水月]四条貴音,[鏡花水月]四条貴音+,[1stｱﾆﾊﾞｰｻﾘｰ]四条貴音+,,,,,,,,,,,
篠原礼,篠原礼+,[ﾊﾛｳｨﾝﾅｲﾄ]篠原礼,[ﾊﾛｳｨﾝﾅｲﾄ]篠原礼+,[意外な一面]篠原礼,[意外な一面]篠原礼+,,,,,,,,,,,,,,,,,,,,,
和久井留美,和久井留美+,[ｵﾌｽﾀｲﾙﾈｲﾋﾞｰ]和久井留美,[ｵﾌｽﾀｲﾙｸﾞﾘｰﾝ]和久井留美,[ｵﾌｽﾀｲﾙﾌﾞﾗｳﾝ]和久井留美,[ｵﾌｽﾀｲﾙﾛｰｽﾞｸﾞﾚｲ]和久井留美,[ﾄﾞﾚｽｱｯﾌﾟﾊﾟｰﾌﾟﾙ]和久井留美+,[ﾄﾞﾚｽｱｯﾌﾟﾚｯﾄﾞ]和久井留美+,[ﾄﾞﾚｽｱｯﾌﾟﾎﾜｲﾄ]和久井留美+,[ﾄﾞﾚｽｱｯﾌﾟﾎﾞﾙﾄﾞｰ]和久井留美+,[ﾄﾞﾚｽｱｯﾌﾟｺﾞｰﾙﾄﾞ]和久井留美+,[静かな努力家]和久井留美,[静かな努力家]和久井留美+,[ﾋﾞｰﾁﾊﾟﾗﾀﾞｲｽ]和久井留美,[ﾋﾞｰﾁﾊﾟﾗﾀﾞｲｽ]和久井留美+,[湯けむり月夜]和久井留美,[湯けむり月夜]和久井留美+,[麗しの花嫁]和久井留美,[麗しの花嫁]和久井留美+,[ﾐｽﾃｨｯｸﾌﾞﾙｰ]和久井留美,[ﾐｽﾃｨｯｸﾌﾞﾙｰ]和久井留美+,[貴婦人のたしなみ]和久井留美,[貴婦人のたしなみ]和久井留美+,,,,
吉岡沙紀,吉岡沙紀+,[学園祭]吉岡沙紀,[学園祭]吉岡沙紀+,[ｽﾍﾟｰｽｽﾀｲﾙ]吉岡沙紀,[ｽﾍﾟｰｽｽﾀｲﾙ]吉岡沙紀+,[ﾛﾜｲﾔﾙｽﾀｲﾙNP]吉岡沙紀,[ﾛﾜｲﾔﾙｽﾀｲﾙNP]吉岡沙紀+,[ﾎﾞｰｲｯｼｭｴﾚｶﾞﾝﾄ]吉岡沙紀,[ﾎﾞｰｲｯｼｭｴﾚｶﾞﾝﾄ]吉岡沙紀+,,,,,,,,,,,,,,,,,
梅木音葉,梅木音葉+,[ﾊﾛｳｨﾝﾊﾟｰﾃｨｰ]梅木音葉,[ﾊﾛｳｨﾝﾊﾟｰﾃｨｰ]梅木音葉+,[春風の使者]梅木音葉,[春風の使者]梅木音葉+,[風の語り手]梅木音葉,[風の語り手]梅木音葉+,[涼風のﾐﾝｽﾄﾚﾙ]梅木音葉,[涼風のﾐﾝｽﾄﾚﾙ]梅木音葉+,[ﾒﾛﾃﾞｨ･ﾛﾜｲﾔﾙ]梅木音葉,[ﾒﾛﾃﾞｨ･ﾛﾜｲﾔﾙ]梅木音葉+,,,,,,,,,,,,,,,
白坂小梅,白坂小梅+,[ﾒｲﾄﾞｺﾚｸｼｮﾝ]白坂小梅,[ﾒｲﾄﾞｺﾚｸｼｮﾝ]白坂小梅+,[ｳｨﾝﾀｰﾎﾗｰｸﾞﾘｰﾝ]白坂小梅,[ｳｨﾝﾀｰﾎﾗｰﾈｲﾋﾞｰ]白坂小梅,[ｳｨﾝﾀｰﾎﾗｰﾎﾞｰﾙﾄﾞ]白坂小梅,[ｳｨﾝﾀｰﾎﾗｰﾌﾞﾙｰ]白坂小梅,[ｳｨﾝﾀｰｽﾀｲﾙ]白坂小梅+,[ｳｨﾝﾀｰｽﾀｲﾙﾏﾌﾗｰ]白坂小梅+,[ｳｨﾝﾀｰｽﾀｲﾙｲﾔｰﾏﾌ]白坂小梅+,[ｳｨﾝﾀｰｽﾀｲﾙﾊﾞｯｸﾞ]白坂小梅+,[ｳｨﾝﾀｰｽﾀｲﾙｶｰﾄ]白坂小梅+,[ﾊﾛｳｨﾝﾅｲﾄﾒｱ]白坂小梅,[ﾊﾛｳｨﾝﾅｲﾄﾒｱ]白坂小梅+,[ﾎﾜｲﾄﾅｲﾄﾒｱ]白坂小梅,[ﾎﾜｲﾄﾅｲﾄﾒｱ]白坂小梅+,[納涼浴衣娘]白坂小梅,[納涼浴衣娘]白坂小梅+,[CDﾃﾞﾋﾞｭｰ]白坂小梅,[CDﾃﾞﾋﾞｭｰ]白坂小梅+,[ｺﾞｼｯｸﾎﾗｰﾅｲﾄﾒｱ]白坂小梅,[ｺﾞｼｯｸﾎﾗｰﾅｲﾄﾒｱ]白坂小梅+,[学園のﾋﾛｲﾝ]白坂小梅,[学園のﾋﾛｲﾝ]白坂小梅+,[ｼﾝﾃﾞﾚﾗﾄﾞﾘｰﾑ]白坂小梅,[ｼﾝﾃﾞﾚﾗﾄﾞﾘｰﾑ]白坂小梅+
岸部彩華,岸部彩華+,[ﾊﾞﾚﾝﾀｲﾝﾊﾟｰﾃｨｰ]岸部彩華,[ﾊﾞﾚﾝﾀｲﾝﾊﾟｰﾃｨｰ]岸部彩華+,[ﾘｰﾌﾞﾙﾊﾟﾋﾟﾖﾝ]岸部彩華,[ﾘｰﾌﾞﾙﾊﾟﾋﾟﾖﾝ]岸部彩華+,[ﾄﾞｩｰﾏﾘｱｰｼﾞｭ]岸部彩華,[ﾄﾞｩｰﾏﾘｱｰｼﾞｭ]岸部彩華+,[ｺﾞｰｼﾞｬｽﾁｱｰ]岸部彩華,[ｺﾞｰｼﾞｬｽﾁｱｰ]岸部彩華+,,,,,,,,,,,,,,,,,
氏家むつみ,氏家むつみ+,[ﾉﾍﾞﾙｽﾊﾟｲﾚｰﾂ]氏家むつみ,[ﾉﾍﾞﾙｽﾊﾟｲﾚｰﾂ]氏家むつみ+,[ｽﾊﾟﾆｯｼｭｽﾀｲﾙ]氏家むつみ,[ｽﾊﾟﾆｯｼｭｽﾀｲﾙ]氏家むつみ+,[ひな祭り]氏家むつみ,[ひな祭り]氏家むつみ+,[ﾛﾜｲﾔﾙｶﾞｰﾙ]氏家むつみ,[ﾛﾜｲﾔﾙｶﾞｰﾙ]氏家むつみ+,[冒険竜]氏家むつみ,[冒険竜]氏家むつみ+,,,,,,,,,,,,,,,
西川保奈美,西川保奈美+,[湯けむり温泉]西川保奈美,[湯けむり温泉]西川保奈美+,[ｸﾗｼｶﾙﾌﾘﾙ]西川保奈美,[ｸﾗｼｶﾙﾌﾘﾙ]西川保奈美+,[白き女傑]西川保奈美,[白き女傑]西川保奈美+,[麗しきﾌﾟﾘﾏﾄﾞﾝﾅ]西川保奈美,[麗しきﾌﾟﾘﾏﾄﾞﾝﾅ]西川保奈美+,,,,,,,,,,,,,,,,,
成宮由愛,成宮由愛+,[浴衣祭り]成宮由愛,[浴衣祭り]成宮由愛+,[新春ｺﾚｸｼｮﾝ]成宮由愛,[新春ｺﾚｸｼｮﾝ]成宮由愛+,[ｸﾘｽﾏｽﾊﾟｰﾃｨｰ]成宮由愛,[ｸﾘｽﾏｽﾊﾟｰﾃｨｰ]成宮由愛+,[魔女っ娘I.C]成宮由愛+,[ﾏｰﾁﾝｸﾞﾊﾞﾝﾄﾞ]成宮由愛,[ﾏｰﾁﾝｸﾞﾊﾞﾝﾄﾞ]成宮由愛+,[ﾘﾄﾙﾌﾟﾘｰｽﾃｽ]成宮由愛,[ﾘﾄﾙﾌﾟﾘｰｽﾃｽ]成宮由愛+,[ﾏｼﾞｶﾙｶﾞｰﾙ･ﾘｰﾌ]成宮由愛,[ﾏｼﾞｶﾙｶﾞｰﾙ･ﾘｰﾌ]成宮由愛+,[ﾏｼﾞｶﾙｶﾞｰﾙS･ﾘｰﾌ]成宮由愛,[ﾏｼﾞｶﾙｶﾞｰﾙS･ﾘｰﾌ]成宮由愛+,,,,,,,,,,
[ひな祭り]藤居朋,[ひな祭り]藤居朋+,[ｺﾞｽﾍﾟﾙﾄﾞﾚｽ]藤居朋,[ｺﾞｽﾍﾟﾙﾄﾞﾚｽ]藤居朋+,[ﾗｯｷｰﾌｫｰﾁｭﾝ]藤居朋,[ﾗｯｷｰﾌｫｰﾁｭﾝ]藤居朋+,[ｽﾋﾟﾘﾁｭｱﾙｶﾞｰﾙ]藤居朋,[ｽﾋﾟﾘﾁｭｱﾙｶﾞｰﾙ]藤居朋+,[ﾌｫｰﾁｭﾝ★ｽﾀｰ]藤居朋,[ﾌｫｰﾁｭﾝ★ｽﾀｰ]藤居朋+,,,,,,,,,,,,,,,,,
塩見周子,塩見周子+,[ｸｰﾘｯｼｭﾋﾟｸｼｰ]塩見周子,[ｸｰﾘｯｼｭﾋﾟｸｼｰ]塩見周子+,[ﾆｭｰｲﾔｰ]塩見周子,[ﾆｭｰｲﾔｰ]塩見周子+,[ﾋﾞｰﾁｽﾀｲﾙ]塩見周子,[ﾋﾞｰﾁｽﾀｲﾙ]塩見周子+,[ﾐｯﾄﾞﾅｲﾄﾌｪｱﾘｰ]塩見周子,[ﾐｯﾄﾞﾅｲﾄﾌｪｱﾘｰ]塩見周子+,[あやかし京娘]塩見周子,[あやかし京娘]塩見周子+,[ﾌﾞﾙｰｻﾏｰﾍﾌﾞﾝ]塩見周子,[ﾌﾞﾙｰｻﾏｰﾍﾌﾞﾝ]塩見周子+,,,,,,,,,,,,,
脇山珠美,脇山珠美+,[ﾚｲﾝﾄﾞﾛｯﾌﾟ]脇山珠美,[ﾚｲﾝﾄﾞﾛｯﾌﾟ]脇山珠美+,[ﾚｲﾝﾄﾞﾛｯﾌﾟｽﾏｲﾙ]脇山珠美,[ﾚｲﾝﾄﾞﾛｯﾌﾟｽﾏｲﾙ]脇山珠美+,[ﾊｯﾋﾟｰｳｪﾃﾞｨﾝｸﾞ]脇山珠美,[ﾊｯﾋﾟｰｳｪﾃﾞｨﾝｸﾞ]脇山珠美+,[ちいさなﾄﾞｷﾄﾞｷ]脇山珠美,[ちいさなﾄﾞｷﾄﾞｷ]脇山珠美+,[ちびっこｽﾃｰｼﾞ]脇山珠美,[ちびっこｽﾃｰｼﾞ]脇山珠美+,[小さな自信家]脇山珠美,[小さな自信家]脇山珠美+,,,,,,,,,,,,,
岡崎泰葉,岡崎泰葉+,[小さな一歩]岡崎泰葉,[小さな一歩]岡崎泰葉+,[ｼｮｺﾗﾌﾚｰﾊﾞｰ]岡崎泰葉,[ｼｮｺﾗﾌﾚｰﾊﾞｰ]岡崎泰葉+,[ｼｮｺﾗﾌﾚｰﾊﾞｰ･S]岡崎泰葉,[ｼｮｺﾗﾌﾚｰﾊﾞｰ･S]岡崎泰葉+,[ﾒﾙﾍﾝｱﾆﾏﾙｽﾞ]岡崎泰葉,[ﾒﾙﾍﾝｱﾆﾏﾙｽﾞ]岡崎泰葉+,[爛漫ひな娘]岡崎泰葉,[爛漫ひな娘]岡崎泰葉+,[ﾌﾟﾗﾈｯﾄｽﾀｰ]岡崎泰葉,[ﾌﾟﾗﾈｯﾄｽﾀｰ]岡崎泰葉+,,,,,,,,,,,,,
速水奏,速水奏+,[ﾊｯﾋﾟｰﾊﾞﾚﾝﾀｲﾝ]速水奏,[ﾊｯﾋﾟｰﾊﾞﾚﾝﾀｲﾝ]速水奏+,[ｽﾏｲﾙﾊﾞﾚﾝﾀｲﾝ]速水奏,[ｽﾏｲﾙﾊﾞﾚﾝﾀｲﾝ]速水奏+,[蒼翼の乙女]速水奏,[蒼翼の乙女]速水奏+,[夜色の花嫁]速水奏,[夜色の花嫁]速水奏+,[ﾁｱﾘﾝｸﾞｽﾀｰ]速水奏,[ﾁｱﾘﾝｸﾞｽﾀｰ]速水奏+,[追憶のｳﾞｧﾆﾀｽ]速水奏,[追憶のｳﾞｧﾆﾀｽ]速水奏+,,,,,,,,,,,,,
[ﾆｭｰｳｪｰﾌﾞ]大石泉,[ﾆｭｰｳｪｰﾌﾞ]大石泉+,[ｱﾒﾘｶﾝｽﾀｲﾙ]大石泉,[ｱﾒﾘｶﾝｽﾀｲﾙ]大石泉+,[ｼﾞｭｰﾝﾌﾞﾗｲﾄﾞ]大石泉,[ｼﾞｭｰﾝﾌﾞﾗｲﾄﾞ]大石泉+,[ﾈｲﾋﾞｰﾌﾞﾗｲﾄ]大石泉,[ﾈｲﾋﾞｰﾌﾞﾗｲﾄ]大石泉+,[ﾈｲﾋﾞｰｳｪｰﾌﾞ]大石泉,[ﾈｲﾋﾞｰｳｪｰﾌﾞ]大石泉+,[ﾋﾞｯﾄ･ﾊﾟﾌｫｰﾏｰ]大石泉,[ﾋﾞｯﾄ･ﾊﾟﾌｫｰﾏｰ]大石泉+,,,,,,,,,,,,,,,
松尾千鶴,松尾千鶴+,[ひな祭り]松尾千鶴,[ひな祭り]松尾千鶴+,[不器用少女]松尾千鶴,[不器用少女]松尾千鶴+,[ﾈｸｽﾄｽﾀｰI.C]松尾千鶴+,[素顔の幸せ]松尾千鶴,[素顔の幸せ]松尾千鶴+,[乙女の晴れ舞台]松尾千鶴,[乙女の晴れ舞台]松尾千鶴+,[ﾎﾟｯﾌﾟ･ﾓﾃﾞﾙ]松尾千鶴,[ﾎﾟｯﾌﾟ･ﾓﾃﾞﾙ]松尾千鶴+,[ﾎﾟｯﾌﾟ･ﾓﾃﾞﾙ･S]松尾千鶴,[ﾎﾟｯﾌﾟ･ﾓﾃﾞﾙ･S]松尾千鶴+,,,,,,,,,,,,
森久保乃々,森久保乃々+,[ﾒﾙﾍﾝ&ｺﾞｼｯｸ]森久保乃々,[ﾒﾙﾍﾝ&ｺﾞｼｯｸ]森久保乃々+,[ﾊﾛｳｨﾝﾅｲﾄ]森久保乃々,[ﾊﾛｳｨﾝﾅｲﾄ]森久保乃々+,[ﾈｶﾞﾃｨｳﾞ乙女]森久保乃々,[ﾈｶﾞﾃｨｳﾞ乙女]森久保乃々+,[ｼｮｺﾗﾊﾞﾚﾝﾀｲﾝ]森久保乃々,[ｼｮｺﾗﾊﾞﾚﾝﾀｲﾝ]森久保乃々+,[ｼｮｺﾗ･ｽﾏｲﾙ]森久保乃々,[ｼｮｺﾗ･ｽﾏｲﾙ]森久保乃々+,[困惑の小ﾘｽ]森久保乃々,[困惑の小ﾘｽ]森久保乃々+,,,,,,,,,,,,,
ｱﾅｽﾀｼｱ,ｱﾅｽﾀｼｱ+,[ｽﾀｰﾕﾆﾊﾞｰｽ]ｱﾅｽﾀｼｱ,[ｽﾀｰﾕﾆﾊﾞｰｽ]ｱﾅｽﾀｼｱ+,[ｽﾀｰﾘｰﾋﾞｰﾁ]ｱﾅｽﾀｼｱ,[ｽﾀｰﾘｰﾋﾞｰﾁ]ｱﾅｽﾀｼｱ+,[CDﾃﾞﾋﾞｭｰ]ｱﾅｽﾀｼｱ,[CDﾃﾞﾋﾞｭｰ]ｱﾅｽﾀｼｱ+,[ｽﾉｰﾌｪｱﾘｰ]ｱﾅｽﾀｼｱ,[ｽﾉｰﾌｪｱﾘｰ]ｱﾅｽﾀｼｱ+,[ﾜﾝﾀﾞﾌﾙﾏｼﾞｯｸ]ｱﾅｽﾀｼｱ,[ﾜﾝﾀﾞﾌﾙﾏｼﾞｯｸ]ｱﾅｽﾀｼｱ+,[ｽﾀｰﾗｲﾄｽｸｰﾙ]ｱﾅｽﾀｼｱ,[ｽﾀｰﾗｲﾄｽｸｰﾙ]ｱﾅｽﾀｼｱ+,,,,,,,,,,,,,
大和亜季,大和亜季+,[ﾃｰﾏﾊﾟｰｸ]大和亜季,[ﾃｰﾏﾊﾟｰｸ]大和亜季+,[ﾛﾜｲﾔﾙｽﾀｲﾙ]大和亜季,[ﾛﾜｲﾔﾙｽﾀｲﾙ]大和亜季+,[ﾊﾛｳｨﾝｶﾞﾝﾅｰ]大和亜季,[ﾊﾛｳｨﾝｶﾞﾝﾅｰ]大和亜季+,[ｳﾞｫﾔｰｼﾞｭ･ｸﾞﾗｯﾌﾟﾗｰ]大和亜季,[ｳﾞｫﾔｰｼﾞｭ･ｸﾞﾗｯﾌﾟﾗｰ]大和亜季+,[峻烈闘技]大和亜季,[峻烈闘技]大和亜季+,,,,,,,,,,,,,,,
結城晴,結城晴+,[ﾊﾞﾆｰｶﾞｰﾙ]結城晴,[ﾊﾞﾆｰｶﾞｰﾙ]結城晴+,[ﾛﾜｲﾔﾙｽﾀｲﾙNP]結城晴,[ﾛﾜｲﾔﾙｽﾀｲﾙNP]結城晴+,[疾風のｽﾄﾗｲｶｰ]結城晴,[疾風のｽﾄﾗｲｶｰ]結城晴+,[ｱｸﾃｨﾌﾞｻﾌｧﾘ]結城晴,[ｱｸﾃｨﾌﾞｻﾌｧﾘ]結城晴+,[ｱｸﾃｨﾌﾞｻﾌｧﾘ･S]結城晴,[ｱｸﾃｨﾌﾞｻﾌｧﾘ･S]結城晴+,,,,,,,,,,,,,,,
[白き少女]望月聖,[白き少女]望月聖+,[聖なる乙女]望月聖,[聖なる乙女]望月聖+,[清白の乙女]望月聖,[清白の乙女]望月聖+,[白き細雪]望月聖,[白き細雪]望月聖+,,,,,,,,,,,,,,,,,,,
二宮飛鳥,二宮飛鳥+,[ｸﾞﾘｯﾀｰｽﾃｰｼﾞ]二宮飛鳥,[ｸﾞﾘｯﾀｰｽﾃｰｼﾞ]二宮飛鳥+,[ｻﾌｧﾘｱﾄﾞﾍﾞﾝﾁｬｰ]二宮飛鳥,[ｻﾌｧﾘｱﾄﾞﾍﾞﾝﾁｬｰ]二宮飛鳥+,[ｻﾌｧﾘｱﾄﾞﾍﾞﾝﾁｬｰ･S]二宮飛鳥,[ｻﾌｧﾘｱﾄﾞﾍﾞﾝﾁｬｰ･S]二宮飛鳥+,[ﾐｯｼﾝｸﾞ･ﾋﾟｰｽ]二宮飛鳥,[ﾐｯｼﾝｸﾞ･ﾋﾟｰｽ]二宮飛鳥+,[ｱﾌﾞｿﾘｭｰﾄ･ｾﾞﾛ]二宮飛鳥,[ｱﾌﾞｿﾘｭｰﾄ･ｾﾞﾛ]二宮飛鳥+,,,,,,,,,,,,,,,
[幸運の女神]鷹富士茄子,[幸運の女神]鷹富士茄子+,[強運の才女]鷹富士茄子,[強運の才女]鷹富士茄子+,[謹賀新年]鷹富士茄子,[謹賀新年]鷹富士茄子+,,,,,,,,,,,,,,,,,,,,,
桐生つかさ,桐生つかさ+,[T.B.ｸﾘｽﾏｽ]桐生つかさ,[T.B.ｸﾘｽﾏｽ]桐生つかさ+,,,,,,,,,,,,,,,,,,,,,,,
本田未央,本田未央+,[2ndｱﾆﾊﾞｰｻﾘｰ]本田未央,[2ndｱﾆﾊﾞｰｻﾘｰ]本田未央+,[2ndｱﾆﾊﾞｰｻﾘｰ･ｽﾏｲﾙ]本田未央,[2ndｱﾆﾊﾞｰｻﾘｰ･ｽﾏｲﾙ]本田未央+,[2ndｱﾆﾊﾞｰｻﾘｰ･ﾈｺﾐﾐ]本田未央,[2ndｱﾆﾊﾞｰｻﾘｰ･ﾈｺﾐﾐ]本田未央+,[ﾆｭｰｼﾞｪﾈﾚｰｼｮﾝ]本田未央,[ﾆｭｰｼﾞｪﾈﾚｰｼｮﾝ]本田未央+,[CDﾃﾞﾋﾞｭｰ]本田未央,[CDﾃﾞﾋﾞｭｰ]本田未央+,[ﾊﾟｰﾌｪｸﾄｽﾀｰ]本田未央,[ﾊﾟｰﾌｪｸﾄｽﾀｰ]本田未央+,[ﾜﾝﾀﾞﾌﾙﾏｼﾞｯｸ]本田未央,[ﾜﾝﾀﾞﾌﾙﾏｼﾞｯｸ]本田未央+,[放課後ﾊﾟｰﾃｨｰ]本田未央,[放課後ﾊﾟｰﾃｨｰ]本田未央+,,,,,,,,,
高森藍子,高森藍子+,[ﾊﾞﾚﾝﾀｲﾝ]高森藍子,[ﾊﾞﾚﾝﾀｲﾝ]高森藍子+,[ふんわりｶﾞｰﾙ]高森藍子,[ふんわりｶﾞｰﾙ]高森藍子+,[ｱﾆﾊﾞｰｻﾘｰｲｴﾛｰ]高森藍子,[ｱﾆﾊﾞｰｻﾘｰｲｴﾛｰ]高森藍子+,[ゆるふわ乙女]高森藍子,[ゆるふわ乙女]高森藍子+,[深緑の魔女]高森藍子,[深緑の魔女]高森藍子+,[CDﾃﾞﾋﾞｭｰ]高森藍子,[CDﾃﾞﾋﾞｭｰ]高森藍子+,[ｼﾝﾃﾞﾚﾗﾄﾞﾘｰﾑ]高森藍子,[ｼﾝﾃﾞﾚﾗﾄﾞﾘｰﾑ]高森藍子+,[おさんぽ日和]高森藍子,[おさんぽ日和]高森藍子+,[まごころﾌﾟﾚｾﾞﾝﾄ]高森藍子,[まごころﾌﾟﾚｾﾞﾝﾄ]高森藍子+,,,,,,,
並木芽衣子,並木芽衣子+,[ﾒｲﾄﾞｺﾚｸｼｮﾝ]並木芽衣子,[ﾒｲﾄﾞｺﾚｸｼｮﾝ]並木芽衣子+,[ﾄﾗﾍﾞﾙ☆ｶﾞｰﾙ]並木芽衣子,[ﾄﾗﾍﾞﾙ☆ｶﾞｰﾙ]並木芽衣子+,[ﾜﾝﾀﾞｰﾊﾞﾆｰ]並木芽衣子,[ﾜﾝﾀﾞｰﾊﾞﾆｰ]並木芽衣子+,[めろめろｺｺﾒﾛﾝ]並木芽衣子,[めろめろｺｺﾒﾛﾝ]並木芽衣子+,[ﾄﾗﾍﾞﾙﾀﾞﾝｻｰ]並木芽衣子,[ﾄﾗﾍﾞﾙﾀﾞﾝｻｰ]並木芽衣子+,[秋色のお出かけ]並木芽衣子,[秋色のお出かけ]並木芽衣子+,,,,,,,,,,,,,
龍崎薫,龍崎薫+,[新春]龍崎薫,[新春]龍崎薫+,[ｺﾞｽﾍﾟﾙﾄﾞﾚｽ]龍崎薫,[ｺﾞｽﾍﾟﾙﾄﾞﾚｽ]龍崎薫+,[ﾏｰﾁﾝｸﾞﾊﾞﾝﾄﾞ]龍崎薫,[ﾏｰﾁﾝｸﾞﾊﾞﾝﾄﾞ]龍崎薫+,[ｻﾝﾌﾗﾜｰｲｴﾛｰ]龍崎薫,[ｻﾝﾌﾗﾜｰｲｴﾛｰ]龍崎薫+,[桜色少女]龍崎薫,[桜色少女]龍崎薫+,[桜色ｽﾏｲﾙ]龍崎薫,[桜色ｽﾏｲﾙ]龍崎薫+,[ちびっこﾎﾟﾘｽ]龍崎薫,[ちびっこﾎﾟﾘｽ]龍崎薫+,[ﾊﾋﾟﾈｽﾁｱｰ]龍崎薫,[ﾊﾋﾟﾈｽﾁｱｰ]龍崎薫+,,,,,,,,,
木村夏樹,木村夏樹+,[制服ｺﾚｸｼｮﾝ]木村夏樹,[制服ｺﾚｸｼｮﾝ]木村夏樹+,[ﾛｯｷﾝｸﾞｽﾀｲﾙ]木村夏樹,[ﾛｯｷﾝｸﾞｽﾀｲﾙ]木村夏樹+,[新春ｺﾚｸｼｮﾝ]木村夏樹,[新春ｺﾚｸｼｮﾝ]木村夏樹+,[ﾛｯｷﾝｸﾞｾｯｼｮﾝ]木村夏樹,[ﾛｯｷﾝｸﾞｾｯｼｮﾝ]木村夏樹+,[ｳﾞｫﾔｰｼﾞｭ･ｼｰﾌ]木村夏樹,[ｳﾞｫﾔｰｼﾞｭ･ｼｰﾌ]木村夏樹+,[ﾛｯｸｳｨｽﾞﾕｰ]木村夏樹,[ﾛｯｸｳｨｽﾞﾕｰ]木村夏樹+,[ﾊｰﾄﾋﾞｰﾄﾛｯｶｰ]木村夏樹,[ﾊｰﾄﾋﾞｰﾄﾛｯｶｰ]木村夏樹+,[ﾛｯｷﾝｸﾞﾗｳﾞｧｰ]木村夏樹,[ﾛｯｷﾝｸﾞﾗｳﾞｧｰ]木村夏樹+,[ﾗｷﾞｯﾄﾞﾁｱｰ]木村夏樹,[ﾗｷﾞｯﾄﾞﾁｱｰ]木村夏樹+,,,,,,,
松山久美子,松山久美子+,[ｼﾞｭｰﾝﾌﾞﾗｲﾄﾞ]松山久美子,[ｼﾞｭｰﾝﾌﾞﾗｲﾄﾞ]松山久美子+,[ﾌﾟﾘﾑﾗﾌﾞﾙｰﾑ]松山久美子,[ﾌﾟﾘﾑﾗﾌﾞﾙｰﾑ]松山久美子+,[ﾌﾚｯｼｭJKT]松山久美子,[ﾌﾚｯｼｭJKT]松山久美子+,[南国の舞姫]松山久美子,[南国の舞姫]松山久美子+,[ｱﾚｸﾞﾛ気分]松山久美子,[ｱﾚｸﾞﾛ気分]松山久美子+,,,,,,,,,,,,,,,
斉藤洋子,斉藤洋子+,[ﾃｰﾏﾊﾟｰｸ]斉藤洋子,[ﾃｰﾏﾊﾟｰｸ]斉藤洋子+,[湯けむり月夜]斉藤洋子,[湯けむり月夜]斉藤洋子+,[ｱｸﾃｨﾌﾞﾁｱｰ]斉藤洋子,[ｱｸﾃｨﾌﾞﾁｱｰ]斉藤洋子+,[ｱｸﾃｨﾌﾞﾋﾞｭｰﾃｨｰ]斉藤洋子,[ｱｸﾃｨﾌﾞﾋﾞｭｰﾃｨｰ]斉藤洋子+,[ﾛﾜｲﾔﾙｻﾏｰ]斉藤洋子,[ﾛﾜｲﾔﾙｻﾏｰ]斉藤洋子+,,,,,,,,,,,,,,,
沢田麻理菜,沢田麻理菜+,[ｽﾎﾟｰﾂ祭]沢田麻理菜,[ｽﾎﾟｰﾂ祭]沢田麻理菜+,[素顔のお姉さん]沢田麻理菜,[素顔のお姉さん]沢田麻理菜+,[ﾊｯﾋﾟｰｳｪﾃﾞｨﾝｸﾞ]沢田麻理菜,[ﾊｯﾋﾟｰｳｪﾃﾞｨﾝｸﾞ]沢田麻理菜+,[ｾｸｼｰｻｰﾌｧｰ]沢田麻理菜,[ｾｸｼｰｻｰﾌｧｰ]沢田麻理菜+,[ｸﾞﾙｰﾋﾞｰ･ﾛﾜｲﾔﾙ]沢田麻理菜,[ｸﾞﾙｰﾋﾞｰ･ﾛﾜｲﾔﾙ]沢田麻理菜+,,,,,,,,,,,,,,,
矢口美羽,矢口美羽+,[制服ｺﾚｸｼｮﾝ]矢口美羽,[制服ｺﾚｸｼｮﾝ]矢口美羽+,[ﾊﾜｲｱﾝｽﾀｲﾙ]矢口美羽,[ﾊﾜｲｱﾝｽﾀｲﾙ]矢口美羽+,[ﾄｷﾒｷﾊﾞﾚﾝﾀｲﾝ]矢口美羽,[ﾄｷﾒｷﾊﾞﾚﾝﾀｲﾝ]矢口美羽+,[ﾌﾗﾜｰｶﾞｰﾃﾞﾝ]矢口美羽,[ﾌﾗﾜｰｶﾞｰﾃﾞﾝ]矢口美羽+,[悩めるお年頃]矢口美羽,[悩めるお年頃]矢口美羽+,[楽しい夏休み]矢口美羽,[楽しい夏休み]矢口美羽+,[賑やか夏休み]矢口美羽,[賑やか夏休み]矢口美羽+,[天魔降臨]矢口美羽,[天魔降臨]矢口美羽+,,,,,,,,,
赤城みりあ,赤城みりあ+,[ﾊﾞﾚﾝﾀｲﾝ]赤城みりあ,[ﾊﾞﾚﾝﾀｲﾝ]赤城みりあ+,[ﾎﾟｯﾋﾟﾝﾎﾟｯﾌﾟ]赤城みりあ,[ﾎﾟｯﾋﾟﾝﾎﾟｯﾌﾟ]赤城みりあ+,[しっぽもふもふ]赤城みりあ,[しっぽもふもふ]赤城みりあ+,[ﾆｭｰｽﾏｲﾙ]赤城みりあ,[ﾆｭｰｽﾏｲﾙ]赤城みりあ+,[ちびっこｱｸﾏ]赤城みりあ,[ちびっこｱｸﾏ]赤城みりあ+,[CDﾃﾞﾋﾞｭｰ]赤城みりあ,[CDﾃﾞﾋﾞｭｰ]赤城みりあ+,[ｼﾝﾃﾞﾚﾗﾄﾞﾘｰﾑ]赤城みりあ,[ｼﾝﾃﾞﾚﾗﾄﾞﾘｰﾑ]赤城みりあ+,[ﾆｭｰｽﾏｲﾙ･S]赤城みりあ,[ﾆｭｰｽﾏｲﾙ･S]赤城みりあ+,[ｷﾗｷﾗ☆ｼﾞｬﾝﾌﾟ]赤城みりあ,[ｷﾗｷﾗ☆ｼﾞｬﾝﾌﾟ]赤城みりあ+,,,,,,,
愛野渚,愛野渚+,[明朗☆快活]愛野渚,[明朗☆快活]愛野渚+,[ｽﾎﾟｰﾃｨｽﾀｲﾙ]愛野渚,[ｽﾎﾟｰﾃｨｽﾀｲﾙ]愛野渚+,[豪放の鬼人]愛野渚,[豪放の鬼人]愛野渚+,[ｾﾝﾀｰ･ｷｬﾌﾟﾃﾝ]愛野渚,[ｾﾝﾀｰ･ｷｬﾌﾟﾃﾝ]愛野渚+,,,,,,,,,,,,,,,,,
真鍋いつき,真鍋いつき+,[ﾚｯｽﾝ&ﾁｬﾚﾝｼﾞ]真鍋いつき,[ﾚｯｽﾝ&ﾁｬﾚﾝｼﾞ]真鍋いつき+,[ｶｼﾞｭｱﾙｽﾀｲﾙ]真鍋いつき,[ｶｼﾞｭｱﾙｽﾀｲﾙ]真鍋いつき+,[ｶｼﾞｭｱﾙﾁｱｰ]真鍋いつき,[ｶｼﾞｭｱﾙﾁｱｰ]真鍋いつき+,[ﾊｯﾋﾟｰﾌﾟﾚｼﾞｬｰ]真鍋いつき,[ﾊｯﾋﾟｰﾌﾟﾚｼﾞｬｰ]真鍋いつき+,[拳舞酔客]真鍋いつき,[拳舞酔客]真鍋いつき+,,,,,,,,,,,,,,,
大槻唯,大槻唯+,[お花見]大槻唯,[お花見]大槻唯+,[ｻﾏｰｶﾞｰﾙｵﾚﾝｼﾞ]大槻唯,[ｻﾏｰｶﾞｰﾙｸﾞﾘｰﾝ]大槻唯,[ｻﾏｰｶﾞｰﾙﾌﾞﾙｰ]大槻唯,[ｻﾏｰｶﾞｰﾙｲｴﾛｰ]大槻唯,[ｻﾏｰｼｮｯﾋﾟﾝｸﾞｲｴﾛｰ]大槻唯+,[ｻﾏｰｼｮｯﾋﾟﾝｸﾞｸﾞﾘｰﾝ]大槻唯+,[ｻﾏｰｼｮｯﾋﾟﾝｸﾞﾋﾟﾝｸ]大槻唯+,[ｻﾏｰｼｮｯﾋﾟﾝｸﾞﾌﾞﾗｳﾝ]大槻唯+,[ｻﾏｰｼｮｯﾋﾟﾝｸﾞｱﾒﾘｶﾝ]大槻唯+,[ﾚｲﾝﾄﾞﾛｯﾌﾟ]大槻唯,[ﾚｲﾝﾄﾞﾛｯﾌﾟ]大槻唯+,[ﾚｲﾝﾄﾞﾛｯﾌﾟｽﾏｲﾙ]大槻唯,[ﾚｲﾝﾄﾞﾛｯﾌﾟｽﾏｲﾙ]大槻唯+,[ｻﾏｰｽﾌﾟﾗｯｼｭ]大槻唯,[ｻﾏｰｽﾌﾟﾗｯｼｭ]大槻唯+,[湯けむりｷﾞｬﾙ]大槻唯,[湯けむりｷﾞｬﾙ]大槻唯+,[ｸﾘｽﾏｽ☆ｷﾞｬﾙ]大槻唯,[ｸﾘｽﾏｽ☆ｷﾞｬﾙ]大槻唯+,[自由の海姫]大槻唯,[自由の海姫]大槻唯+,,
姫川友紀,姫川友紀+,[お花見]姫川友紀,[お花見]姫川友紀+,[ｸｯｷﾝｸﾞﾁｬﾚﾝｼﾞ]姫川友紀,[ｸｯｷﾝｸﾞﾁｬﾚﾝｼﾞ]姫川友紀+,[ｸｯｷﾝｸﾞ･ｽﾏｲﾙ]姫川友紀,[ｸｯｷﾝｸﾞ･ｽﾏｲﾙ]姫川友紀+,[全力ﾁｱｶﾞｰﾙ]姫川友紀,[全力ﾁｱｶﾞｰﾙ]姫川友紀+,[ﾁｱﾌﾙｴｰｽ]姫川友紀,[ﾁｱﾌﾙｴｰｽ]姫川友紀+,[ﾕｯｷ☆ﾚﾎﾞﾘｭｰｼｮﾝ]姫川友紀,[ﾕｯｷ☆ﾚﾎﾞﾘｭｰｼｮﾝ]姫川友紀+,[ﾊｯﾋﾟｰﾎｰﾑﾗﾝ]姫川友紀,[ﾊｯﾋﾟｰﾎｰﾑﾗﾝ]姫川友紀+,,,,,,,,,,,
ﾄﾚｰﾅｰ,[聖夜]ﾄﾚｰﾅｰ,[新春]ﾄﾚｰﾅｰ,[ﾊﾞﾚﾝﾀｲﾝ]ﾄﾚｰﾅｰ,[ｻﾏｰｽﾀｲﾙ]ﾄﾚｰﾅｰ,[ｽｲﾐﾝｸﾞﾚｯｽﾝ]ﾄﾚｰﾅｰ,,,,,,,,,,,,,,,,,,,,,
喜多見柚,喜多見柚+,[ﾊﾛｳｨﾝｳﾞｧﾝﾊﾟｲｱ]喜多見柚,[ﾊﾛｳｨﾝｳﾞｧﾝﾊﾟｲｱ]喜多見柚+,[制服ｺﾚｸｼｮﾝ]喜多見柚,[制服ｺﾚｸｼｮﾝ]喜多見柚+,[ｲﾉｾﾝﾄｶｼﾞｭｱﾙ]喜多見柚,[ｲﾉｾﾝﾄｶｼﾞｭｱﾙ]喜多見柚+,[ﾌﾚﾝｽﾞﾎﾘﾃﾞｰ]喜多見柚,[ﾌﾚﾝｽﾞﾎﾘﾃﾞｰ]喜多見柚+,[お転婆ひな娘]喜多見柚,[お転婆ひな娘]喜多見柚+,[ﾌｰﾄﾞ☆ﾒｲﾄﾞ]喜多見柚,[ﾌｰﾄﾞ☆ﾒｲﾄﾞ]喜多見柚+,[無防備☆ｶﾞｰﾙ]喜多見柚,[無防備☆ｶﾞｰﾙ]喜多見柚+,,,,,,,,,,,
上田鈴帆,上田鈴帆+,[ひな祭り]上田鈴帆,[ひな祭り]上田鈴帆+,[ﾊﾛｳｨﾝﾊﾟｰﾃｨｰ]上田鈴帆,[ﾊﾛｳｨﾝﾊﾟｰﾃｨｰ]上田鈴帆+,[ﾃｰﾏﾊﾟｰｸ]上田鈴帆,[ﾃｰﾏﾊﾟｰｸ]上田鈴帆+,[ﾊﾛｳｨﾝﾅｲﾄ]上田鈴帆,[ﾊﾛｳｨﾝﾅｲﾄ]上田鈴帆+,[食えないｽﾀｲﾙ]上田鈴帆,[食えないｽﾀｲﾙ]上田鈴帆+,[みんなの太陽]上田鈴帆,[みんなの太陽]上田鈴帆+,,,,,,,,,,,,,
海老原菜帆,海老原菜帆+,[浴衣祭り]海老原菜帆,[浴衣祭り]海老原菜帆+,[ﾃﾞﾋﾞﾘｯｼｭｺﾞｼｯｸ]海老原菜帆,[ﾃﾞﾋﾞﾘｯｼｭｺﾞｼｯｸ]海老原菜帆+,[ぷにぷにｻﾏｰ]海老原菜帆,[ぷにぷにｻﾏｰ]海老原菜帆+,[あまあまﾎﾞﾃﾞｨ]海老原菜帆,[あまあまﾎﾞﾃﾞｨ]海老原菜帆+,[ﾌﾟﾆｮﾌﾜ乙女]海老原菜帆,[ﾌﾟﾆｮﾌﾜ乙女]海老原菜帆+,[ぷにむにﾌｨｰﾘﾝｸﾞ]海老原菜帆,[ぷにむにﾌｨｰﾘﾝｸﾞ]海老原菜帆+,,,,,,,,,,,,,
ﾙｰｷｰﾄﾚｰﾅｰ,[ﾊﾞﾚﾝﾀｲﾝ]ﾙｰｷｰﾄﾚｰﾅｰ,,,,,,,,,,,,,,,,,,,,,,,,,
及川雫,及川雫+,[ﾏｰﾒｲﾄﾞﾊﾟﾗﾀﾞｲｽ]及川雫,[ﾏｰﾒｲﾄﾞﾊﾟﾗﾀﾞｲｽ]及川雫+,[浴衣祭り]及川雫,[浴衣祭り]及川雫+,[ｺﾛｯｾｵｸｲｰﾝ]及川雫,[ｺﾛｯｾｵｸｲｰﾝ]及川雫+,[愛の癒し系]及川雫,[愛の癒し系]及川雫+,[癒しの満月]及川雫,[癒しの満月]及川雫+,[真夏の果実]及川雫,[真夏の果実]及川雫+,,,,,,,,,,,,,
小関麗奈,小関麗奈+,[ｲﾀｽﾞﾗっ子]小関麗奈,[ｲﾀｽﾞﾗっ子]小関麗奈+,[ｲﾀｽﾞﾗｺﾞｼｯｸ]小関麗奈,[ｲﾀｽﾞﾗｺﾞｼｯｸ]小関麗奈+,[魔女っ娘I.C]小関麗奈+,[秋色温泉]小関麗奈,[秋色温泉]小関麗奈+,[ｽｸｰﾙﾃﾞﾋﾞﾙ]小関麗奈,[ｽｸｰﾙﾃﾞﾋﾞﾙ]小関麗奈+,[ﾛﾜｲﾔﾙｼﾞｮｰｶｰ]小関麗奈,[ﾛﾜｲﾔﾙｼﾞｮｰｶｰ]小関麗奈+,[ﾏｼﾞｶﾙｶﾞｰﾙ･ﾌﾚｲﾑ]小関麗奈,[ﾏｼﾞｶﾙｶﾞｰﾙ･ﾌﾚｲﾑ]小関麗奈+,[ﾏｼﾞｶﾙｶﾞｰﾙS･ﾌﾚｲﾑ]小関麗奈,[ﾏｼﾞｶﾙｶﾞｰﾙS･ﾌﾚｲﾑ]小関麗奈+,,,,,,,,,,
衛藤美紗希,衛藤美紗希+,[ｼｮｰﾋﾞｽﾞｶﾞｰﾙ]衛藤美紗希,[ｼｮｰﾋﾞｽﾞｶﾞｰﾙ]衛藤美紗希+,[ｴﾚｶﾞﾝﾄｽﾀｲﾙ]衛藤美紗希,[ｴﾚｶﾞﾝﾄｽﾀｲﾙ]衛藤美紗希+,[ｾﾚｸﾄﾒｲﾄﾞ]衛藤美紗希,[ｾﾚｸﾄﾒｲﾄﾞ]衛藤美紗希+,[ｼｰﾊﾟｲﾚｰﾂ]衛藤美紗希,[ｼｰﾊﾟｲﾚｰﾂ]衛藤美紗希+,[ﾋﾞﾀｰﾊﾞﾚﾝﾀｲﾝ]衛藤美紗希,[ﾋﾞﾀｰﾊﾞﾚﾝﾀｲﾝ]衛藤美紗希+,[あたしの磨き方]衛藤美紗希,[あたしの磨き方]衛藤美紗希+,,,,,,,,,,,,,
[水泳大会]ﾒｱﾘｰ･ｺｸﾗﾝ,[水泳大会]ﾒｱﾘｰ･ｺｸﾗﾝ+,ﾒｱﾘｰ･ｺｸﾗﾝ,ﾒｱﾘｰ･ｺｸﾗﾝ+,[湯けむり温泉]ﾒｱﾘｰ･ｺｸﾗﾝ,[湯けむり温泉]ﾒｱﾘｰ･ｺｸﾗﾝ+,[ﾘﾄﾙｱｸﾄﾚｽ]ﾒｱﾘｰ･ｺｸﾗﾝ,[ﾘﾄﾙｱｸﾄﾚｽ]ﾒｱﾘｰ･ｺｸﾗﾝ+,[おませなﾘﾄﾙｶﾞｰﾙ]ﾒｱﾘｰ･ｺｸﾗﾝ,[おませなﾘﾄﾙｶﾞｰﾙ]ﾒｱﾘｰ･ｺｸﾗﾝ+,[ｵﾄﾒのお勉強]ﾒｱﾘｰ･ｺｸﾗﾝ,[ｵﾄﾒのお勉強]ﾒｱﾘｰ･ｺｸﾗﾝ+,[学園の魔女]ﾒｱﾘｰ･ｺｸﾗﾝ,[学園の魔女]ﾒｱﾘｰ･ｺｸﾗﾝ+,[学園の魔女･S]ﾒｱﾘｰ･ｺｸﾗﾝ,[学園の魔女･S]ﾒｱﾘｰ･ｺｸﾗﾝ+,[碧眼の姫君]ﾒｱﾘｰ･ｺｸﾗﾝ,[碧眼の姫君]ﾒｱﾘｰ･ｺｸﾗﾝ+,,,,,,,,,
星輝子,星輝子+,[ｸﾘｽﾏｽﾊﾟｰﾃｨｰ]星輝子,[ｸﾘｽﾏｽﾊﾟｰﾃｨｰ]星輝子+,[絶叫★ｳﾞｧﾝﾊﾟｲｱ]星輝子,[絶叫★ｳﾞｧﾝﾊﾟｲｱ]星輝子+,[あやしい少女]星輝子,[あやしい少女]星輝子+,[ﾌﾞﾗｯｸﾊﾞﾚﾝﾀｲﾝ]星輝子,[ﾌﾞﾗｯｸﾊﾞﾚﾝﾀｲﾝ]星輝子+,[CDﾃﾞﾋﾞｭｰ]星輝子,[CDﾃﾞﾋﾞｭｰ]星輝子+,[ﾗﾌﾞ☆ｷﾉｺ]星輝子,[ﾗﾌﾞ☆ｷﾉｺ]星輝子+,,,,,,,,,,,,,
片桐早苗,片桐早苗+,[ﾊｲﾚｸﾞﾏｰﾒｲﾄﾞ]片桐早苗,[ﾊｲﾚｸﾞﾏｰﾒｲﾄﾞ]片桐早苗+,[桜祭り]片桐早苗,[桜祭り]片桐早苗+,[桜祭りｽﾏｲﾙ]片桐早苗,[桜祭りｽﾏｲﾙ]片桐早苗+,[ﾜｰｷﾝｸﾞ･ﾀﾞｰﾃｨ]片桐早苗,[ﾜｰｷﾝｸﾞ･ﾀﾞｰﾃｨ]片桐早苗+,[酔いどれお姉さん]片桐早苗,[酔いどれお姉さん]片桐早苗+,[やりすぎお姉さん]片桐早苗,[やりすぎお姉さん]片桐早苗+,[ﾃﾞﾝｼﾞｬﾗｽｱﾀﾞﾙﾃｨ]片桐早苗,[ﾃﾞﾝｼﾞｬﾗｽｱﾀﾞﾙﾃｨ]片桐早苗+,,,,,,,,,,,
堀裕子,堀裕子+,[ｽﾊﾟﾆｯｼｭｽﾀｲﾙ]堀裕子,[ｽﾊﾟﾆｯｼｭｽﾀｲﾙ]堀裕子+,[おちゃめなｻｲｷｯｶｰ]堀裕子,[おちゃめなｻｲｷｯｶｰ]堀裕子+,[湯けむりｻｲｷｯｶｰ]堀裕子,[湯けむりｻｲｷｯｶｰ]堀裕子+,[CDﾃﾞﾋﾞｭｰ]堀裕子,[CDﾃﾞﾋﾞｭｰ]堀裕子+,[ｻｲｷｯｸﾏｼﾞｼｬﾝ]堀裕子,[ｻｲｷｯｸﾏｼﾞｼｬﾝ]堀裕子+,[大地のぱわー☆]堀裕子,[大地のぱわー☆]堀裕子+,,,,,,,,,,,,,
西島櫂,西島櫂+,[浴衣祭り]西島櫂,[浴衣祭り]西島櫂+,[ｽﾍﾟｰｽｽﾀｲﾙ]西島櫂,[ｽﾍﾟｰｽｽﾀｲﾙ]西島櫂+,[ﾊﾟﾗﾀﾞｲｽﾘｿﾞｰﾄ]西島櫂,[ﾊﾟﾗﾀﾞｲｽﾘｿﾞｰﾄ]西島櫂+,[ｾﾙﾌｾﾚｸﾄ]西島櫂,[ｾﾙﾌｾﾚｸﾄ]西島櫂+,[人波のｽｲﾏｰ]西島櫂,[人波のｽｲﾏｰ]西島櫂+,,,,,,,,,,,,,,,
的場梨沙,的場梨沙+,[ﾆｭｰｲﾔｰｽﾀｲﾙ]的場梨沙,[ﾆｭｰｲﾔｰｽﾀｲﾙ]的場梨沙+,[ｻﾌｧﾘｱﾄﾞﾍﾞﾝﾁｬｰ]的場梨沙,[ｻﾌｧﾘｱﾄﾞﾍﾞﾝﾁｬｰ]的場梨沙+,[ｻﾌｧﾘｱﾄﾞﾍﾞﾝﾁｬｰ･S]的場梨沙,[ｻﾌｧﾘｱﾄﾞﾍﾞﾝﾁｬｰ･S]的場梨沙+,[ｾｸｼｰﾊﾟﾝｻｰ]的場梨沙,[ｾｸｼｰﾊﾟﾝｻｰ]的場梨沙+,[ｽｳｨｰﾄﾊﾆｰﾊｰﾄ]的場梨沙,[ｽｳｨｰﾄﾊﾆｰﾊｰﾄ]的場梨沙+,,,,,,,,,,,,,,,
財前時子,財前時子+,[ﾛﾜｲﾔﾙｽﾀｲﾙNP]財前時子,[ﾛﾜｲﾔﾙｽﾀｲﾙNP]財前時子+,[ｽｸｰﾙｶﾞｰﾙ]財前時子,[ｽｸｰﾙｶﾞｰﾙ]財前時子+,[ﾒﾃﾞｨｱの女王]財前時子,[ﾒﾃﾞｨｱの女王]財前時子+,,,,,,,,,,,,,,,,,,,
相葉夕美,相葉夕美+,[ﾌﾗﾜｰﾌﾞｰｹ]相葉夕美,[ﾌﾗﾜｰﾌﾞｰｹ]相葉夕美+,[ｶﾞｰﾘｰｽﾀｲﾙﾌﾞﾙｰ]相葉夕美,[ｶﾞｰﾘｰｽﾀｲﾙﾋﾟﾝｸ]相葉夕美,[ｶﾞｰﾘｰｽﾀｲﾙｸﾞﾘｰﾝ]相葉夕美,[ｶﾞｰﾘｰｽﾀｲﾙﾎﾜｲﾄ]相葉夕美,[ｽﾀｲﾙｾﾚｸﾄｳﾞｧｲｵﾚｯﾄ]相葉夕美+,[ｽﾀｲﾙｾﾚｸﾄﾋﾟﾝｸ]相葉夕美+,[ｽﾀｲﾙｾﾚｸﾄｸﾞﾚｰ]相葉夕美+,[ｽﾀｲﾙｾﾚｸﾄﾊﾟｰﾌﾟﾙ]相葉夕美+,[ｽﾀｲﾙｾﾚｸﾄﾎﾜｲﾄ]相葉夕美+,[ﾆｭｰｲﾔｰ]相葉夕美,[ﾆｭｰｲﾔｰ]相葉夕美+,[ﾑｰﾝﾗｲﾄﾌﾗﾜｰ]相葉夕美,[ﾑｰﾝﾗｲﾄﾌﾗﾜｰ]相葉夕美+,[真夏のﾌﾗﾜｰｶﾞｰﾙ]相葉夕美,[真夏のﾌﾗﾜｰｶﾞｰﾙ]相葉夕美+,[甘い花束]相葉夕美,[甘い花束]相葉夕美+,[花の小悪魔]相葉夕美,[花の小悪魔]相葉夕美+,,,,
野々村そら,野々村そら+,[ｲﾀﾘｱﾝｽﾀｲﾙ]野々村そら,[ｲﾀﾘｱﾝｽﾀｲﾙ]野々村そら+,[ﾛﾜｲﾔﾙｽﾀｲﾙ]野々村そら,[ﾛﾜｲﾔﾙｽﾀｲﾙ]野々村そら+,[はっぴーはっぴー]野々村そら,[はっぴーはっぴー]野々村そら+,[T.B.ﾊﾛｳｨﾝ]野々村そら,[T.B.ﾊﾛｳｨﾝ]野々村そら+,[ろでお☆がーる]野々村そら,[ろでお☆がーる]野々村そら+,,,,,,,,,,,,,,,
浜川愛結奈,浜川愛結奈+,[浴衣祭り]浜川愛結奈,[浴衣祭り]浜川愛結奈+,[ｴﾚｶﾞﾝﾄJKT]浜川愛結奈,[ｴﾚｶﾞﾝﾄJKT]浜川愛結奈+,[ﾋﾞｰﾁｻｲﾄﾞ]浜川愛結奈,[ﾋﾞｰﾁｻｲﾄﾞ]浜川愛結奈+,[ｾｸｼｰﾃﾞｨｰｳﾞｧ]浜川愛結奈,[ｾｸｼｰﾃﾞｨｰｳﾞｧ]浜川愛結奈+,[ﾊﾟﾅｼｪ･ﾛﾜｲﾔﾙ]浜川愛結奈,[ﾊﾟﾅｼｪ･ﾛﾜｲﾔﾙ]浜川愛結奈+,,,,,,,,,,,,,,,
若林智香,若林智香+,[ﾊﾟｼﾞｬﾏﾊﾟｰﾃｨｰ]若林智香,[ﾊﾟｼﾞｬﾏﾊﾟｰﾃｨｰ]若林智香+,[ﾊﾞﾚﾝﾀｲﾝﾊﾟｰﾃｨｰ]若林智香,[ﾊﾞﾚﾝﾀｲﾝﾊﾟｰﾃｨｰ]若林智香+,[ｻﾏｰﾊﾞｹｰｼｮﾝ]若林智香,[ｻﾏｰﾊﾞｹｰｼｮﾝ]若林智香+,[青春のありか]若林智香,[青春のありか]若林智香+,[ﾌﾚｯｼｭﾁｱｶﾞｰﾙ]若林智香,[ﾌﾚｯｼｭﾁｱｶﾞｰﾙ]若林智香+,[ﾊｯﾋﾟｰﾁｱｰ]若林智香,[ﾊｯﾋﾟｰﾁｱｰ]若林智香+,,,,,,,,,,,,,
城ヶ崎美嘉,城ヶ崎美嘉+,[ｶﾘｽﾏｷﾞｬﾙ]城ヶ崎美嘉,[ｶﾘｽﾏｷﾞｬﾙ]城ヶ崎美嘉+,[CDﾃﾞﾋﾞｭｰ]城ヶ崎美嘉,[CDﾃﾞﾋﾞｭｰ]城ヶ崎美嘉+,[ｼｰｸﾚｯﾄ★ﾊｰﾄ]城ヶ崎美嘉,[ｼｰｸﾚｯﾄ★ﾊｰﾄ]城ヶ崎美嘉+,[ﾗﾌﾞ★ｸﾘｽﾏｽ]城ヶ崎美嘉,[ﾗﾌﾞ★ｸﾘｽﾏｽ]城ヶ崎美嘉+,[ﾜﾝﾀﾞﾌﾙﾏｼﾞｯｸ]城ヶ崎美嘉,[ﾜﾝﾀﾞﾌﾙﾏｼﾞｯｸ]城ヶ崎美嘉+,[夏のﾕｳﾜｸ]城ヶ崎美嘉,[夏のﾕｳﾜｸ]城ヶ崎美嘉+,[3rdｱﾆﾊﾞｰｻﾘｰ]城ヶ崎美嘉,[3rdｱﾆﾊﾞｰｻﾘｰ]城ヶ崎美嘉+,[3rdｱﾆﾊﾞｰｻﾘｰ･S]城ヶ崎美嘉,[3rdｱﾆﾊﾞｰｻﾘｰ･S]城ヶ崎美嘉+,,,,,,,,,
城ヶ崎莉嘉,城ヶ崎莉嘉+,[夏休み]城ヶ崎莉嘉,[夏休み]城ヶ崎莉嘉+,[笑顔の夏休み]城ヶ崎莉嘉,[笑顔の夏休み]城ヶ崎莉嘉+,[CDﾃﾞﾋﾞｭｰ]城ヶ崎莉嘉,[CDﾃﾞﾋﾞｭｰ]城ヶ崎莉嘉+,[ｶﾘｽﾏちびｷﾞｬﾙ]城ヶ崎莉嘉,[ｶﾘｽﾏちびｷﾞｬﾙ]城ヶ崎莉嘉+,[ﾊｯﾋﾟｰ☆ｸﾘｽﾏｽ]城ヶ崎莉嘉,[ﾊｯﾋﾟｰ☆ｸﾘｽﾏｽ]城ヶ崎莉嘉+,[ｼｰｸﾚｯﾄ☆ﾓｰﾄﾞ]城ヶ崎莉嘉,[ｼｰｸﾚｯﾄ☆ﾓｰﾄﾞ]城ヶ崎莉嘉+,[ﾜﾝﾀﾞﾌﾙﾏｼﾞｯｸ]城ヶ崎莉嘉,[ﾜﾝﾀﾞﾌﾙﾏｼﾞｯｸ]城ヶ崎莉嘉+,[ｳｨﾝﾀｰ☆ﾓｰﾄﾞ]城ヶ崎莉嘉,[ｳｨﾝﾀｰ☆ﾓｰﾄﾞ]城ヶ崎莉嘉+,,,,,,,,,
仙崎恵磨,仙崎恵磨+,[UKｽﾀｲﾙ]仙崎恵磨,[UKｽﾀｲﾙ]仙崎恵磨+,[ﾛﾜｲﾔﾙｽﾀｲﾙ]仙崎恵磨,[ﾛﾜｲﾔﾙｽﾀｲﾙ]仙崎恵磨+,[ｽﾘｰﾋﾟｰｽﾊﾟﾝｸｽ]仙崎恵磨,[ｽﾘｰﾋﾟｰｽﾊﾟﾝｸｽ]仙崎恵磨+,[秋色温泉]仙崎恵磨,[秋色温泉]仙崎恵磨+,[ｱｯﾊﾟｰﾃﾝｼｮﾝ]仙崎恵磨,[ｱｯﾊﾟｰﾃﾝｼｮﾝ]仙崎恵磨+,,,,,,,,,,,,,,,
日野茜,日野茜+,[全力熱血]日野茜,[全力熱血]日野茜+,[CDﾃﾞﾋﾞｭｰ]日野茜,[CDﾃﾞﾋﾞｭｰ]日野茜+,[暴走☆花嫁]日野茜,[暴走☆花嫁]日野茜+,[ﾊﾞｰﾆﾝｸﾞﾊｰﾄ]日野茜,[ﾊﾞｰﾆﾝｸﾞﾊｰﾄ]日野茜+,[ﾌﾟｰﾙｻｲﾄﾞｸｲｰﾝ]日野茜,[ﾌﾟｰﾙｻｲﾄﾞｸｲｰﾝ]日野茜+,[3rdｱﾆﾊﾞｰｻﾘｰ]日野茜,[3rdｱﾆﾊﾞｰｻﾘｰ]日野茜+,[3rdｱﾆﾊﾞｰｻﾘｰ･S]日野茜,[3rdｱﾆﾊﾞｰｻﾘｰ･S]日野茜+,,,,,,,,,,,
諸星きらり,諸星きらり+,[京町乙女]諸星きらり,[京町乙女]諸星きらり+,[ﾗﾌﾞﾘｰﾌﾟﾘﾝｾｽ]諸星きらり,[ﾗﾌﾞﾘｰﾌﾟﾘﾝｾｽ]諸星きらり+,[CDﾃﾞﾋﾞｭｰ]諸星きらり,[CDﾃﾞﾋﾞｭｰ]諸星きらり+,[ｷｭｰﾃｨｰﾒｲﾄﾞ]諸星きらり,[ｷｭｰﾃｨｰﾒｲﾄﾞ]諸星きらり+,[ｺﾞｼｯｸﾌﾟﾘﾝｾｽ]諸星きらり,[ｺﾞｼｯｸﾌﾟﾘﾝｾｽ]諸星きらり+,[ﾆｭｰｲﾔｰﾌﾟﾘﾝｾｽ]諸星きらり,[ﾆｭｰｲﾔｰﾌﾟﾘﾝｾｽ]諸星きらり+,[ﾜﾝﾀﾞﾌﾙﾏｼﾞｯｸ]諸星きらり,[ﾜﾝﾀﾞﾌﾙﾏｼﾞｯｸ]諸星きらり+,[びびっど☆ﾓﾃﾞﾙ]諸星きらり,[びびっど☆ﾓﾃﾞﾙ]諸星きらり+,,,,,,,,,
十時愛梨,十時愛梨+,[ｽｲｰﾄﾊﾞﾚﾝﾀｲﾝ]十時愛梨,[ｽｲｰﾄﾊﾞﾚﾝﾀｲﾝ]十時愛梨+,[ｼﾝﾃﾞﾚﾗｶﾞｰﾙ]十時愛梨,[ｼﾝﾃﾞﾚﾗｶﾞｰﾙ]十時愛梨+,[ｱﾆﾊﾞｰｻﾘｰﾌﾟﾘﾝｾｽ]十時愛梨,[ｱﾆﾊﾞｰｻﾘｰﾌﾟﾘﾝｾｽ]十時愛梨+,[CDﾃﾞﾋﾞｭｰ]十時愛梨,[CDﾃﾞﾋﾞｭｰ]十時愛梨+,[ﾌﾟﾘﾝｾｽﾊﾞﾆｰ]十時愛梨,[ﾌﾟﾘﾝｾｽﾊﾞﾆｰ]十時愛梨+,[ふわふわﾒｲﾄﾞ]十時愛梨,[ふわふわﾒｲﾄﾞ]十時愛梨+,[ｼﾝﾃﾞﾚﾗﾄﾞﾘｰﾑ]十時愛梨,[ｼﾝﾃﾞﾚﾗﾄﾞﾘｰﾑ]十時愛梨+,[ｽｳｨｰﾄﾄｩｽｳｨｰﾄ]十時愛梨,[ｽｳｨｰﾄﾄｩｽｳｨｰﾄ]十時愛梨+,,,,,,,,,
ﾅﾀｰﾘｱ,ﾅﾀｰﾘｱ+,[聖夜]ﾅﾀｰﾘｱ,[聖夜]ﾅﾀｰﾘｱ+,[ﾄﾗﾍﾞﾙｽﾀｲﾙ ﾌﾞﾗｳﾝ]ﾅﾀｰﾘｱ,[ﾄﾗﾍﾞﾙｽﾀｲﾙ ｸﾞﾘｰﾝ]ﾅﾀｰﾘｱ,[ﾄﾗﾍﾞﾙｽﾀｲﾙ ﾋﾟﾝｸ]ﾅﾀｰﾘｱ,[ﾄﾗﾍﾞﾙｽﾀｲﾙ ﾌﾞﾗｯｸ]ﾅﾀｰﾘｱ,[ｱﾗﾋﾞｱﾝﾄﾞﾚｽ ｸﾞﾘｰﾝ]ﾅﾀｰﾘｱ+,[ｱﾗﾋﾞｱﾝﾄﾞﾚｽ ﾌﾞﾙｰ]ﾅﾀｰﾘｱ+,[ｱﾗﾋﾞｱﾝﾄﾞﾚｽ ﾚｯﾄﾞ]ﾅﾀｰﾘｱ+,[ｱﾗﾋﾞｱﾝﾄﾞﾚｽ ﾌﾞﾗｯｸ]ﾅﾀｰﾘｱ+,[ｱﾗﾋﾞｱﾝﾄﾞﾚｽ ｺﾞｰﾙﾄﾞ]ﾅﾀｰﾘｱ+,[新春ｺﾚｸｼｮﾝ]ﾅﾀｰﾘｱ,[新春ｺﾚｸｼｮﾝ]ﾅﾀｰﾘｱ+,[ﾊｯﾋﾟｰﾌﾞﾗｲﾀﾞﾙ]ﾅﾀｰﾘｱ,[ﾊｯﾋﾟｰﾌﾞﾗｲﾀﾞﾙ]ﾅﾀｰﾘｱ+,[千夜一夜舞姫]ﾅﾀｰﾘｱ,[千夜一夜舞姫]ﾅﾀｰﾘｱ+,[ｶｰﾆﾊﾞﾙｽﾀｰ]ﾅﾀｰﾘｱ,[ｶｰﾆﾊﾞﾙｽﾀｰ]ﾅﾀｰﾘｱ+,[ｳﾞｫﾔｰｼﾞｭ･ﾌﾟﾘﾝｾｽ]ﾅﾀｰﾘｱ,[ｳﾞｫﾔｰｼﾞｭ･ﾌﾟﾘﾝｾｽ]ﾅﾀｰﾘｱ+,,,,
相馬夏美,相馬夏美+,[ｽﾄｲｯｸﾋﾞｭｰﾃｨ]相馬夏美,[ｽﾄｲｯｸﾋﾞｭｰﾃｨ]相馬夏美+,[ﾊﾞﾆｰｶﾞｰﾙ]相馬夏美,[ﾊﾞﾆｰｶﾞｰﾙ]相馬夏美+,[ｱﾀﾞﾙﾃｨﾌｪﾐﾆﾝ]相馬夏美,[ｱﾀﾞﾙﾃｨﾌｪﾐﾆﾝ]相馬夏美+,[明日へのﾌﾗｲﾄ]相馬夏美,[明日へのﾌﾗｲﾄ]相馬夏美+,,,,,,,,,,,,,,,,,
槙原志保,槙原志保+,[ﾒｲﾄﾞｺﾚｸｼｮﾝ]槙原志保,[ﾒｲﾄﾞｺﾚｸｼｮﾝ]槙原志保+,[ﾊﾞﾘｽﾀｲﾙ]槙原志保,[ﾊﾞﾘｽﾀｲﾙ]槙原志保+,[ﾃｨｰﾌﾚｰﾊﾞｰﾒｲﾄﾞ]槙原志保,[ﾃｨｰﾌﾚｰﾊﾞｰﾒｲﾄﾞ]槙原志保+,[ｸﾘｽﾏｽﾌﾟﾚｾﾞﾝﾄ]槙原志保,[ｸﾘｽﾏｽﾌﾟﾚｾﾞﾝﾄ]槙原志保+,[甘いひととき]槙原志保,[甘いひととき]槙原志保+,,,,,,,,,,,,,,,
萩原雪歩,萩原雪歩+,[制服ﾌﾞﾙｰ]萩原雪歩,[制服ﾚｯﾄﾞ]萩原雪歩,[制服ｸﾞﾘｰﾝ]萩原雪歩,[制服ﾍﾞｰｼﾞｭ]萩原雪歩,[ﾋﾟﾝｸﾀﾞｲﾔﾓﾝﾄﾞ765]萩原雪歩+,[ﾊﾟｳﾀﾞｰｽﾉｰﾎﾜｲﾃｨ]萩原雪歩+,[ﾌｧｲｱｵﾊﾟｰﾙ76ct]萩原雪歩+,[ﾒｲﾃﾞﾝｲﾝﾌﾞﾗｯｸ]萩原雪歩+,[ｷﾞﾙﾃﾞｯﾄﾞﾏﾄﾞﾓｱｾﾞﾙ]萩原雪歩+,[臆病な天使]萩原雪歩,[臆病な天使]萩原雪歩+,[癒しの天使]萩原雪歩,[癒しの天使]萩原雪歩+,[ｱﾆｽ衣装]萩原雪歩+,,,,,,,,,,,
双海亜美,双海亜美+,[ﾊﾟﾜﾌﾙ双子妹]双海亜美,[ﾊﾟﾜﾌﾙ双子妹]双海亜美+,,,,,,,,,,,,,,,,,,,,,,,
双海真美,双海真美+,[ﾊﾟﾜﾌﾙ双子姉]双海真美,[ﾊﾟﾜﾌﾙ双子姉]双海真美+,,,,,,,,,,,,,,,,,,,,,,,
星井美希,星井美希+,[制服ｵﾚﾝｼﾞ]星井美希,[制服ﾚｯﾄﾞ]星井美希,[制服ﾌﾞﾙｰ]星井美希,[制服ｸﾞﾘｰﾝ]星井美希,[ﾋﾟﾝｸﾀﾞｲﾔﾓﾝﾄﾞ765]星井美希+,[ｷﾞﾙﾃﾞｯﾄﾞﾏﾄﾞﾓｱｾﾞﾙ]星井美希+,[ﾒｲﾃﾞﾝｲﾝﾌﾞﾗｯｸ]星井美希+,[ﾍﾞｲﾋﾞｰﾌﾞﾙｰｼﾞｬｶﾞｰ]星井美希+,[ﾄﾜｲﾗｲﾄｻﾌｧﾘ]星井美希+,[才能無限大]星井美希,[才能無限大]星井美希+,[眠れる姫君]星井美希,[眠れる姫君]星井美希+,[1stｾﾚﾌﾞﾚｲﾄ]星井美希+,[ﾜﾝﾌｫｰｵｰﾙ]星井美希+,,,,,,,,,,
向井拓海,向井拓海+,[姉御肌]向井拓海,[姉御肌]向井拓海+,[ﾋﾞｰﾁﾊﾟﾗﾀﾞｲｽ]向井拓海,[ﾋﾞｰﾁﾊﾟﾗﾀﾞｲｽ]向井拓海+,[硬派乙女]向井拓海,[硬派乙女]向井拓海+,[はにかみﾊﾞﾚﾝﾀｲﾝ]向井拓海,[はにかみﾊﾞﾚﾝﾀｲﾝ]向井拓海+,[走志走愛]向井拓海,[走志走愛]向井拓海+,[百獣の女王]向井拓海,[百獣の女王]向井拓海+,,,,,,,,,,,,,
水瀬伊織,水瀬伊織+,[高飛車お嬢様]水瀬伊織,[高飛車お嬢様]水瀬伊織+,,,,,,,,,,,,,,,,,,,,,,,
ﾍﾞﾃﾗﾝﾄﾚｰﾅｰ,[聖夜]ﾍﾞﾃﾗﾝﾄﾚｰﾅｰ,[新春]ﾍﾞﾃﾗﾝﾄﾚｰﾅｰ,[ﾊﾞﾚﾝﾀｲﾝ]ﾍﾞﾃﾗﾝﾄﾚｰﾅｰ,,,,,,,,,,,,,,,,,,,,,,,
市原仁奈,市原仁奈+,[ｱﾆﾏﾙﾊﾟｰｸ]市原仁奈,[ｱﾆﾏﾙﾊﾟｰｸ]市原仁奈+,[きぐるみもふもふ]市原仁奈,[きぐるみもふもふ]市原仁奈+,[うみのいきもの]市原仁奈,[うみのいきもの]市原仁奈+,[にゅーきぐるみ]市原仁奈,[にゅーきぐるみ]市原仁奈+,[きぐるみわーく]市原仁奈,[きぐるみわーく]市原仁奈+,,,,,,,,,,,,,,,
杉坂海,杉坂海+,[ﾒﾙﾍﾝ&ｺﾞｼｯｸ]杉坂海,[ﾒﾙﾍﾝ&ｺﾞｼｯｸ]杉坂海+,[ｴｷｿﾞﾁｯｸﾀﾞﾝｻｰ]杉坂海,[ｴｷｿﾞﾁｯｸﾀﾞﾝｻｰ]杉坂海+,[ほのかな甘さ]杉坂海,[ほのかな甘さ]杉坂海+,[ｴｷｿﾞﾁｯｸｻｰﾌｧｰ]杉坂海,[ｴｷｿﾞﾁｯｸｻｰﾌｧｰ]杉坂海+,,,,,,,,,,,,,,,,,
喜多日菜子,喜多日菜子+,[花火祭り]喜多日菜子,[花火祭り]喜多日菜子+,[花火祭りｽﾏｲﾙ]喜多日菜子,[花火祭りｽﾏｲﾙ]喜多日菜子+,[ｸﾞﾘｯﾀｰｽﾃｰｼﾞ]喜多日菜子,[ｸﾞﾘｯﾀｰｽﾃｰｼﾞ]喜多日菜子+,[ﾄﾞﾘｰﾑﾍﾟｲﾝﾄ]喜多日菜子,[ﾄﾞﾘｰﾑﾍﾟｲﾝﾄ]喜多日菜子+,[妄想お姫様]喜多日菜子,[妄想お姫様]喜多日菜子+,[妄想☆暴走★]喜多日菜子,[妄想☆暴走★]喜多日菜子+,[ﾋﾞｭｰﾃｨﾌﾙﾄﾞﾘｰﾏｰ]喜多日菜子,[ﾋﾞｭｰﾃｨﾌﾙﾄﾞﾘｰﾏｰ]喜多日菜子+,,,,,,,,,,,
北川真尋,北川真尋+,[ｽﾎﾟｰﾂ祭]北川真尋,[ｽﾎﾟｰﾂ祭]北川真尋+,[ｽﾎﾟｰﾃｨｶﾞｰﾙ]北川真尋,[ｽﾎﾟｰﾃｨｶﾞｰﾙ]北川真尋+,[ひな祭り]北川真尋,[ひな祭り]北川真尋+,[ﾒﾙﾍﾝｱﾆﾏﾙｽﾞ]北川真尋,[ﾒﾙﾍﾝｱﾆﾏﾙｽﾞ]北川真尋+,[ﾃﾞｨｱﾝﾄﾞﾙｶﾞｰﾙ]北川真尋,[ﾃﾞｨｱﾝﾄﾞﾙｶﾞｰﾙ]北川真尋+,,,,,,,,,,,,,,,
小松伊吹,小松伊吹+,[学園祭]小松伊吹,[学園祭]小松伊吹+,[ﾊｯﾋﾟｰﾊﾞﾚﾝﾀｲﾝ]小松伊吹,[ﾊｯﾋﾟｰﾊﾞﾚﾝﾀｲﾝ]小松伊吹+,[ｽﾏｲﾙﾊﾞﾚﾝﾀｲﾝ]小松伊吹,[ｽﾏｲﾙﾊﾞﾚﾝﾀｲﾝ]小松伊吹+,[ﾀﾞﾝｼﾝｸﾞﾌﾞﾗｲﾄﾞ]小松伊吹,[ﾀﾞﾝｼﾝｸﾞﾌﾞﾗｲﾄﾞ]小松伊吹+,[ｶｼﾞｭｱﾙ&ﾌﾘﾙ]小松伊吹,[ｶｼﾞｭｱﾙ&ﾌﾘﾙ]小松伊吹+,[ﾄﾛﾋﾟｶﾙﾀﾞﾝｻｰ]小松伊吹,[ﾄﾛﾋﾟｶﾙﾀﾞﾝｻｰ]小松伊吹+,[ﾌｪｲﾊﾞﾘｯﾄ☆ﾀｲﾑ]小松伊吹,[ﾌｪｲﾊﾞﾘｯﾄ☆ﾀｲﾑ]小松伊吹+,,,,,,,,,,,
三好紗南,三好紗南+,[ｻﾏｰﾗｲﾌﾞ]三好紗南,[ｻﾏｰﾗｲﾌﾞ]三好紗南+,[ﾊﾞﾚﾝﾀｲﾝﾊﾟｰﾃｨｰ]三好紗南,[ﾊﾞﾚﾝﾀｲﾝﾊﾟｰﾃｨｰ]三好紗南+,[ﾄﾞﾘｰﾑﾌﾟﾚｲﾔｰ]三好紗南,[ﾄﾞﾘｰﾑﾌﾟﾚｲﾔｰ]三好紗南+,[ﾛﾜｲﾔﾙｽﾀｲﾙ]三好紗南,[ﾛﾜｲﾔﾙｽﾀｲﾙ]三好紗南+,[ﾋﾞｰﾁｻｲﾄﾞ]三好紗南,[ﾋﾞｰﾁｻｲﾄﾞ]三好紗南+,[ﾋﾟｺﾋﾟｺ☆ｹﾞｰﾏｰ]三好紗南,[ﾋﾟｺﾋﾟｺ☆ｹﾞｰﾏｰ]三好紗南+,[ｹﾞｰﾑﾄｰｸﾅｲﾄ]三好紗南,[ｹﾞｰﾑﾄｰｸﾅｲﾄ]三好紗南+,,,,,,,,,,,
ｷｬｼｰ･ｸﾞﾗﾊﾑ,ｷｬｼｰ･ｸﾞﾗﾊﾑ+,[新春ｺﾚｸｼｮﾝ]ｷｬｼｰ･ｸﾞﾗﾊﾑ,[新春ｺﾚｸｼｮﾝ]ｷｬｼｰ･ｸﾞﾗﾊﾑ+,[ﾌﾚｯｼｭﾏﾝﾀﾞﾘﾝ]ｷｬｼｰ･ｸﾞﾗﾊﾑ,[ﾌﾚｯｼｭﾏﾝﾀﾞﾘﾝ]ｷｬｼｰ･ｸﾞﾗﾊﾑ+,[ｶﾞﾝｽﾘﾝｶﾞｰ]ｷｬｼｰ･ｸﾞﾗﾊﾑ,[ｶﾞﾝｽﾘﾝｶﾞｰ]ｷｬｼｰ･ｸﾞﾗﾊﾑ+,[お笑いｽﾀｲﾙ]ｷｬｼｰ･ｸﾞﾗﾊﾑ,[お笑いｽﾀｲﾙ]ｷｬｼｰ･ｸﾞﾗﾊﾑ+,[ｽﾍﾟｰｽｽﾀｰ]ｷｬｼｰ･ｸﾞﾗﾊﾑ,[ｽﾍﾟｰｽｽﾀｰ]ｷｬｼｰ･ｸﾞﾗﾊﾑ+,,,,,,,,,,,,,,,
難波笑美,難波笑美+,[ﾊﾛｳｨﾝﾊﾟｰﾃｨｰ]難波笑美,[ﾊﾛｳｨﾝﾊﾟｰﾃｨｰ]難波笑美+,[ﾒﾃﾞﾀｲｶﾞｰﾙ]難波笑美,[ﾒﾃﾞﾀｲｶﾞｰﾙ]難波笑美+,[ﾛﾜｲﾔﾙｽﾀｲﾙNP]難波笑美,[ﾛﾜｲﾔﾙｽﾀｲﾙNP]難波笑美+,[浪速の派手娘]難波笑美,[浪速の派手娘]難波笑美+,[お笑い☆伝道師]難波笑美,[お笑い☆伝道師]難波笑美+,,,,,,,,,,,,,,,
浜口あやめ,浜口あやめ+,[くのいち忍ﾄﾞﾙ]浜口あやめ,[くのいち忍ﾄﾞﾙ]浜口あやめ+,[制服ｺﾚｸｼｮﾝ]浜口あやめ,[制服ｺﾚｸｼｮﾝ]浜口あやめ+,[華麗なくのいち]浜口あやめ,[華麗なくのいち]浜口あやめ+,[筆術くのいち]浜口あやめ,[筆術くのいち]浜口あやめ+,[助太刀☆ﾁｱｰ]浜口あやめ,[助太刀☆ﾁｱｰ]浜口あやめ+,[海風の使者]浜口あやめ,[海風の使者]浜口あやめ+,,,,,,,,,,,,,
村上巴,村上巴+,[緋桜お嬢]村上巴,[緋桜お嬢]村上巴+,[ｸﾘｽﾏｽﾊﾟｰﾃｨｰ]村上巴,[ｸﾘｽﾏｽﾊﾟｰﾃｨｰ]村上巴+,[ｾﾚｸﾄﾒｲﾄﾞ]村上巴,[ｾﾚｸﾄﾒｲﾄﾞ]村上巴+,[新春花道]村上巴,[新春花道]村上巴+,[緋色のﾌﾟﾘﾝｾｽ]村上巴,[緋色のﾌﾟﾘﾝｾｽ]村上巴+,[緋色の一皿]村上巴,[緋色の一皿]村上巴+,[紅の一指し]村上巴,[紅の一指し]村上巴+,,,,,,,,,,,
[ﾆｭｰｳｪｰﾌﾞ]土屋亜子,[ﾆｭｰｳｪｰﾌﾞ]土屋亜子+,[ｱﾒﾘｶﾝｽﾀｲﾙ]土屋亜子,[ｱﾒﾘｶﾝｽﾀｲﾙ]土屋亜子+,[ｼﾞｭｰﾝﾌﾞﾗｲﾄﾞ]土屋亜子,[ｼﾞｭｰﾝﾌﾞﾗｲﾄﾞ]土屋亜子+,[ｻﾙﾌｧｰﾌﾞﾗｲﾄ]土屋亜子,[ｻﾙﾌｧｰﾌﾞﾗｲﾄ]土屋亜子+,[ｻﾙﾌｧｰｳｪｰﾌﾞ]土屋亜子,[ｻﾙﾌｧｰｳｪｰﾌﾞ]土屋亜子+,[黄金の好運]土屋亜子,[黄金の好運]土屋亜子+,,,,,,,,,,,,,,,
首藤葵,首藤葵+,[ひな祭り]首藤葵,[ひな祭り]首藤葵+,[はいから料理娘]首藤葵,[はいから料理娘]首藤葵+,[ｸﾞﾘｯﾀｰｽﾃｰｼﾞ]首藤葵,[ｸﾞﾘｯﾀｰｽﾃｰｼﾞ]首藤葵+,[まごころ若女将]首藤葵,[まごころ若女将]首藤葵+,,,,,,,,,,,,,,,,,
冴島清美,冴島清美+,[湯けむり月夜]冴島清美,[湯けむり月夜]冴島清美+,[ｼｮｺﾗﾌﾚｰﾊﾞｰ]冴島清美,[ｼｮｺﾗﾌﾚｰﾊﾞｰ]冴島清美+,[ｼｮｺﾗﾌﾚｰﾊﾞｰ･S]冴島清美,[ｼｮｺﾗﾌﾚｰﾊﾞｰ･S]冴島清美+,[ﾛｯｸI.C]冴島清美+,[学園の超☆新星]冴島清美,[学園の超☆新星]冴島清美+,[ｶﾞｰﾙｽﾞﾛｯｶｰ]冴島清美,[ｶﾞｰﾙｽﾞﾛｯｶｰ]冴島清美+,[ｶﾞｰﾙｽﾞﾛｯｶｰ･S]冴島清美,[ｶﾞｰﾙｽﾞﾛｯｶｰ･S]冴島清美+,[ﾍﾞﾘｰﾒﾘｰﾁｱｰ]冴島清美,[ﾍﾞﾘｰﾒﾘｰﾁｱｰ]冴島清美+,,,,,,,,,,
[等身大の素顔]南条光,[等身大の素顔]南条光+,[小さな英雄]南条光,[小さな英雄]南条光+,[ﾐﾝﾅﾉﾐｶﾀ]南条光,[ﾐﾝﾅﾉﾐｶﾀ]南条光+,,,,,,,,,,,,,,,,,,,,,
佐藤心,佐藤心+,[T.B.ｽｳｨｰﾃｨｰ]佐藤心,[T.B.ｽｳｨｰﾃｨｰ]佐藤心+,[ﾈｸｽﾄｽﾀｰI.C]佐藤心+,[ﾊｰﾄ･ﾓﾃﾞﾙ]佐藤心,[ﾊｰﾄ･ﾓﾃﾞﾙ]佐藤心+,[ﾊｰﾄ･ﾓﾃﾞﾙ･S]佐藤心,[ﾊｰﾄ･ﾓﾃﾞﾙ･S]佐藤心+,,,,,,,,,,,,,,,,,,
ﾏｽﾀｰﾄﾚｰﾅｰ,[ｽﾍﾟｼｬﾙﾃｸﾆｯｸ]ﾏｽﾀｰﾄﾚｰﾅｰ,[地獄の特訓]ﾏｽﾀｰﾄﾚｰﾅｰ,,,,,,,,,,,,,,,,,,,,,,,,
[聖夜の使者]ｲｳﾞ･ｻﾝﾀｸﾛｰｽ,[聖夜の使者]ｲｳﾞ･ｻﾝﾀｸﾛｰｽ+,[渚のﾏｰﾒｲﾄﾞ]ｲｳﾞ･ｻﾝﾀｸﾛｰｽ,[渚のﾏｰﾒｲﾄﾞ]ｲｳﾞ･ｻﾝﾀｸﾛｰｽ+,[温泉郷の救世主]ｲｳﾞ･ｻﾝﾀｸﾛｰｽ,[温泉郷の救世主]ｲｳﾞ･ｻﾝﾀｸﾛｰｽ+,[ﾊｯﾋﾟｰﾎｰﾘｰﾅｲﾄ]ｲｳﾞ･ｻﾝﾀｸﾛｰｽ,[ﾊｯﾋﾟｰﾎｰﾘｰﾅｲﾄ]ｲｳﾞ･ｻﾝﾀｸﾛｰｽ+,[ふわふわﾎｰﾘｰﾅｲﾄ]ｲｳﾞ･ｻﾝﾀｸﾛｰｽ,[ふわふわﾎｰﾘｰﾅｲﾄ]ｲｳﾞ･ｻﾝﾀｸﾛｰｽ+,,,,,,,,,,,,,,,,,
依田芳乃,依田芳乃+,[T.B.ﾁｱｰｽﾞ]依田芳乃,[T.B.ﾁｱｰｽﾞ]依田芳乃+,[湯浴みの踊子]依田芳乃,[湯浴みの踊子]依田芳乃+,,,,,,,,,,,,,,,,,,,,,
